participant,condition,order,gender,bc_count_t0,bc_freq_t0,bc_count_vocal_t0,bc_count_nod_t0,bc_ratio_t0,bc_freqs_per_min_t0,bc_avg_fpm_t0,bc_std_fpm_t0,bc_max_fpm_t0,bc_min_fpm_t0,bc_freqs_per_min_vocal_t0,bc_freqs_per_min_nod_t0,bc_freqs_per_min_both_t0,bc_count_t1,bc_freq_t1,bc_count_vocal_t1,bc_count_nod_t1,bc_ratio_t1,bc_freqs_per_min_t1,bc_avg_fpm_t1,bc_std_fpm_t1,bc_max_fpm_t1,bc_min_fpm_t1,bc_freqs_per_min_vocal_t1,bc_freqs_per_min_nod_t1,bc_freqs_per_min_both_t1,bc_count_all,bc_freq_all,bc_count_vocal_all,bc_count_nod_all,bc_ratio_all,bc_freqs_per_min_all,bc_freqs_per_min_vocal_all,bc_freqs_per_min_nod_all,bc_freqs_per_min_both_all,bc_avg_fpm_all,bc_std_fpm_all,bc_max_fpm_all,bc_min_fpm_all,what_action_counts,talk_ratio,ta_impact,listening_behavior,closeness,competence,warmth,discomfort
4,naive,1,Male,27,3.913043478260869,14,13,1.0769230769230769,"[1, 1, 1, 4, 6, 6, 6, 3, 1, 2, 4, 8, 11, 12, 10, 6, 3, 0, 2, 2, 3, 4, 3, 3]",4.25,3.217789096051304,12,0,"[1, 1, 1, 1, 2, 1, 1, 1, 0, 1, 3, 6, 7, 8, 6, 3, 2, 0, 0, 0, 1, 2, 2, 2]","[0, 0, 0, 3, 4, 5, 5, 2, 1, 1, 1, 2, 4, 4, 4, 3, 1, 0, 2, 2, 2, 2, 1, 1]","[0, 0, 0, 0, 0, 0, 0, 0, 0, 0, 0, 0, 0, 0, 0, 0, 0, 0, 0, 0, 0, 0, 0, 0]",31,4.428571428571429,20,11,1.818181818181818,"[5, 5, 4, 4, 2, 1, 6, 6, 6, 8, 5, 5, 6, 4, 2, 3, 4, 4, 5, 5, 3, 3, 5, 4]",4.375,1.522402158870426,8,1,"[2, 3, 3, 3, 2, 1, 5, 4, 4, 5, 3, 4, 4, 3, 1, 2, 3, 3, 3, 2, 1, 1, 3, 3]","[3, 2, 1, 1, 0, 0, 1, 2, 2, 3, 2, 1, 2, 1, 1, 1, 1, 1, 2, 3, 2, 2, 2, 1]","[0, 0, 0, 0, 0, 0, 0, 0, 0, 0, 0, 0, 0, 0, 0, 0, 0, 0, 0, 0, 0, 0, 0, 0]",58,4.172661870503597,34,24,2.895104895104895,"[1, 1, 1, 4, 6, 6, 6, 3, 1, 2, 4, 8, 11, 12, 10, 6, 3, 0, 2, 2, 3, 4, 3, 3, 5, 5, 4, 4, 2, 1, 6, 6, 6, 8, 5, 5, 6, 4, 2, 3, 4, 4, 5, 5, 3, 3, 5, 4]","[1, 1, 1, 1, 2, 1, 1, 1, 0, 1, 3, 6, 7, 8, 6, 3, 2, 0, 0, 0, 1, 2, 2, 2, 2, 3, 3, 3, 2, 1, 5, 4, 4, 5, 3, 4, 4, 3, 1, 2, 3, 3, 3, 2, 1, 1, 3, 3]","[0, 0, 0, 3, 4, 5, 5, 2, 1, 1, 1, 2, 4, 4, 4, 3, 1, 0, 2, 2, 2, 2, 1, 1, 3, 2, 1, 1, 0, 0, 1, 2, 2, 3, 2, 1, 2, 1, 1, 1, 1, 1, 2, 3, 2, 2, 2, 1]","[0, 0, 0, 0, 0, 0, 0, 0, 0, 0, 0, 0, 0, 0, 0, 0, 0, 0, 0, 0, 0, 0, 0, 0, 0, 0, 0, 0, 0, 0, 0, 0, 0, 0, 0, 0, 0, 0, 0, 0, 0, 0, 0, 0, 0, 0, 0, 0]",4.3125,2.517904634810461,12,0,[],1.3154205009617166,3.2,2.75,2.333333333333333,4.333333333333333,4.666666666666667,2.833333333333333
5,naive,1,Male,30,4.285714285714286,20,10,2.0,"[5, 5, 6, 7, 7, 6, 6, 8, 8, 8, 7, 5, 5, 3, 2, 2, 3, 3, 4, 4, 2, 2, 1, 0]",4.541666666666667,2.309025167082902,8,0,"[4, 3, 4, 5, 5, 5, 4, 6, 5, 5, 5, 2, 3, 2, 1, 1, 2, 2, 3, 3, 1, 1, 0, 0]","[1, 2, 2, 2, 2, 1, 2, 2, 3, 3, 2, 3, 2, 1, 1, 1, 1, 1, 1, 1, 1, 1, 1, 0]","[0, 0, 0, 0, 0, 0, 0, 0, 0, 0, 0, 0, 0, 0, 0, 0, 0, 0, 0, 0, 0, 0, 0, 0]",36,5.142857142857143,21,15,1.4,"[3, 2, 1, 2, 4, 6, 8, 8, 6, 6, 6, 4, 6, 8, 6, 6, 4, 2, 5, 6, 9, 9, 8, 7]",5.5,2.273030282830976,9,1,"[2, 2, 1, 2, 4, 5, 6, 5, 3, 4, 4, 3, 5, 4, 3, 3, 1, 1, 2, 2, 4, 4, 4, 4]","[1, 0, 0, 0, 0, 1, 2, 3, 3, 2, 2, 1, 1, 4, 3, 3, 3, 1, 3, 4, 5, 5, 4, 3]","[0, 0, 0, 0, 0, 0, 0, 0, 0, 0, 0, 0, 0, 0, 0, 0, 0, 0, 0, 0, 0, 0, 0, 0]",66,4.714285714285714,41,25,3.4,"[5, 5, 6, 7, 7, 6, 6, 8, 8, 8, 7, 5, 5, 3, 2, 2, 3, 3, 4, 4, 2, 2, 1, 0, 3, 2, 1, 2, 4, 6, 8, 8, 6, 6, 6, 4, 6, 8, 6, 6, 4, 2, 5, 6, 9, 9, 8, 7]","[4, 3, 4, 5, 5, 5, 4, 6, 5, 5, 5, 2, 3, 2, 1, 1, 2, 2, 3, 3, 1, 1, 0, 0, 2, 2, 1, 2, 4, 5, 6, 5, 3, 4, 4, 3, 5, 4, 3, 3, 1, 1, 2, 2, 4, 4, 4, 4]","[1, 2, 2, 2, 2, 1, 2, 2, 3, 3, 2, 3, 2, 1, 1, 1, 1, 1, 1, 1, 1, 1, 1, 0, 1, 0, 0, 0, 0, 1, 2, 3, 3, 2, 2, 1, 1, 4, 3, 3, 3, 1, 3, 4, 5, 5, 4, 3]","[0, 0, 0, 0, 0, 0, 0, 0, 0, 0, 0, 0, 0, 0, 0, 0, 0, 0, 0, 0, 0, 0, 0, 0, 0, 0, 0, 0, 0, 0, 0, 0, 0, 0, 0, 0, 0, 0, 0, 0, 0, 0, 0, 0, 0, 0, 0, 0]",5.020833333333333,2.3406692715736006,9,0,[],1.581145551689116,2.2,2.75,2.6666666666666665,1.8333333333333333,2.1666666666666665,1.0
8,naive,1,Male,18,4.014869888475836,10,8,1.25,"[5, 5, 5, 5, 2, 1, 0, 0, 2, 3, 5, 6, 5, 6]",3.571428571428572,2.0946968998021687,6,0,"[3, 3, 4, 4, 1, 1, 0, 0, 1, 1, 2, 3, 2, 4]","[2, 2, 1, 1, 1, 0, 0, 0, 1, 2, 3, 3, 3, 2]","[0, 0, 0, 0, 0, 0, 0, 0, 0, 0, 0, 0, 0, 0]",34,4.868735083532219,13,21,0.6190476190476191,"[6, 2, 2, 2, 1, 3, 3, 4, 4, 2, 2, 2, 3, 4, 5, 6, 8, 9, 9, 9, 7, 6, 6, 6]",4.625,2.4801293649055216,9,1,"[2, 0, 0, 0, 0, 0, 0, 0, 0, 0, 0, 1, 1, 1, 3, 3, 4, 4, 3, 4, 3, 4, 5, 3]","[4, 2, 2, 2, 1, 3, 3, 4, 4, 2, 2, 1, 2, 3, 2, 3, 4, 5, 6, 5, 4, 2, 1, 3]","[0, 0, 0, 0, 0, 0, 0, 0, 0, 0, 0, 0, 0, 0, 0, 0, 0, 0, 0, 0, 0, 0, 0, 0]",52,4.534883720930233,23,29,1.869047619047619,"[5, 5, 5, 5, 2, 1, 0, 0, 2, 3, 5, 6, 5, 6, 6, 2, 2, 2, 1, 3, 3, 4, 4, 2, 2, 2, 3, 4, 5, 6, 8, 9, 9, 9, 7, 6, 6, 6]","[3, 3, 4, 4, 1, 1, 0, 0, 1, 1, 2, 3, 2, 4, 2, 0, 0, 0, 0, 0, 0, 0, 0, 0, 0, 1, 1, 1, 3, 3, 4, 4, 3, 4, 3, 4, 5, 3]","[2, 2, 1, 1, 1, 0, 0, 0, 1, 2, 3, 3, 3, 2, 4, 2, 2, 2, 1, 3, 3, 4, 4, 2, 2, 1, 2, 3, 2, 3, 4, 5, 6, 5, 4, 2, 1, 3]","[0, 0, 0, 0, 0, 0, 0, 0, 0, 0, 0, 0, 0, 0, 0, 0, 0, 0, 0, 0, 0, 0, 0, 0, 0, 0, 0, 0, 0, 0, 0, 0, 0, 0, 0, 0, 0, 0]",4.2368421052631575,2.399936518089328,9,0,[],3.946392430835156,5.0,2.0,2.0,2.1666666666666665,1.3333333333333333,5.166666666666667
9,naive,1,Female,16,2.324455205811138,8,8,1.0,"[5, 5, 6, 5, 3, 3, 1, 1, 1, 1, 1, 2, 2, 2, 2, 2, 2, 2, 3, 2, 3, 2, 1, 1]",2.4166666666666665,1.440968038815882,6,1,"[3, 2, 1, 1, 0, 1, 1, 1, 1, 0, 0, 1, 1, 2, 2, 1, 1, 1, 2, 2, 2, 1, 0, 0]","[2, 3, 5, 4, 3, 2, 0, 0, 0, 1, 1, 1, 1, 0, 0, 1, 1, 1, 1, 0, 1, 1, 1, 1]","[0, 0, 0, 0, 0, 0, 0, 0, 0, 0, 0, 0, 0, 0, 0, 0, 0, 0, 0, 0, 0, 0, 0, 0]",13,1.8571428571428568,3,10,0.3,"[2, 1, 1, 0, 0, 1, 1, 2, 2, 3, 4, 5, 7, 6, 5, 3, 1, 0, 0, 0, 0, 0, 1, 1]",1.9166666666666667,2.0395397084200693,7,0,"[1, 1, 1, 0, 0, 0, 0, 0, 0, 0, 1, 1, 2, 2, 1, 1, 0, 0, 0, 0, 0, 0, 0, 0]","[1, 0, 0, 0, 0, 1, 1, 2, 2, 3, 3, 4, 5, 4, 4, 2, 1, 0, 0, 0, 0, 0, 1, 1]","[0, 0, 0, 0, 0, 0, 0, 0, 0, 0, 0, 0, 0, 0, 0, 0, 0, 0, 0, 0, 0, 0, 0, 0]",29,2.0888355342136857,11,18,1.3,"[5, 5, 6, 5, 3, 3, 1, 1, 1, 1, 1, 2, 2, 2, 2, 2, 2, 2, 3, 2, 3, 2, 1, 1, 2, 1, 1, 0, 0, 1, 1, 2, 2, 3, 4, 5, 7, 6, 5, 3, 1, 0, 0, 0, 0, 0, 1, 1]","[3, 2, 1, 1, 0, 1, 1, 1, 1, 0, 0, 1, 1, 2, 2, 1, 1, 1, 2, 2, 2, 1, 0, 0, 1, 1, 1, 0, 0, 0, 0, 0, 0, 0, 1, 1, 2, 2, 1, 1, 0, 0, 0, 0, 0, 0, 0, 0]","[2, 3, 5, 4, 3, 2, 0, 0, 0, 1, 1, 1, 1, 0, 0, 1, 1, 1, 1, 0, 1, 1, 1, 1, 1, 0, 0, 0, 0, 1, 1, 2, 2, 3, 3, 4, 5, 4, 4, 2, 1, 0, 0, 0, 0, 0, 1, 1]","[0, 0, 0, 0, 0, 0, 0, 0, 0, 0, 0, 0, 0, 0, 0, 0, 0, 0, 0, 0, 0, 0, 0, 0, 0, 0, 0, 0, 0, 0, 0, 0, 0, 0, 0, 0, 0, 0, 0, 0, 0, 0, 0, 0, 0, 0, 0, 0]",2.1666666666666665,1.783411213252725,7,0,[],2.601314164580021,2.6,1.75,2.5,5.166666666666667,4.333333333333333,3.5
10,naive,1,Female,15,2.15311004784689,9,6,1.5,"[2, 3, 5, 6, 7, 5, 3, 1, 0, 0, 0, 0, 0, 2, 2, 3, 4, 3, 4, 3, 2, 1, 0, 0]",2.333333333333333,2.034425935955617,7,0,"[1, 2, 3, 5, 5, 3, 2, 0, 0, 0, 0, 0, 0, 1, 1, 2, 2, 2, 2, 1, 1, 0, 0, 0]","[1, 1, 2, 1, 2, 2, 1, 1, 0, 0, 0, 0, 0, 1, 1, 1, 2, 1, 2, 2, 1, 1, 0, 0]","[0, 0, 0, 0, 0, 0, 0, 0, 0, 0, 0, 0, 0, 0, 0, 0, 0, 0, 0, 0, 0, 0, 0, 0]",16,2.324455205811138,5,11,0.4545454545454545,"[1, 2, 2, 3, 5, 4, 5, 5, 4, 5, 4, 4, 4, 3, 3, 3, 2, 1, 1, 0, 0, 0, 0, 0]",2.5416666666666665,1.7790251700174329,5,0,"[0, 0, 0, 1, 1, 1, 1, 1, 1, 2, 2, 2, 2, 1, 1, 1, 1, 1, 1, 0, 0, 0, 0, 0]","[1, 2, 2, 2, 4, 3, 4, 4, 3, 3, 2, 2, 2, 2, 2, 2, 1, 0, 0, 0, 0, 0, 0, 0]","[0, 0, 0, 0, 0, 0, 0, 0, 0, 0, 0, 0, 0, 0, 0, 0, 0, 0, 0, 0, 0, 0, 0, 0]",31,2.2382671480144407,14,17,1.9545454545454544,"[2, 3, 5, 6, 7, 5, 3, 1, 0, 0, 0, 0, 0, 2, 2, 3, 4, 3, 4, 3, 2, 1, 0, 0, 1, 2, 2, 3, 5, 4, 5, 5, 4, 5, 4, 4, 4, 3, 3, 3, 2, 1, 1, 0, 0, 0, 0, 0]","[1, 2, 3, 5, 5, 3, 2, 0, 0, 0, 0, 0, 0, 1, 1, 2, 2, 2, 2, 1, 1, 0, 0, 0, 0, 0, 0, 1, 1, 1, 1, 1, 1, 2, 2, 2, 2, 1, 1, 1, 1, 1, 1, 0, 0, 0, 0, 0]","[1, 1, 2, 1, 2, 2, 1, 1, 0, 0, 0, 0, 0, 1, 1, 1, 2, 1, 2, 2, 1, 1, 0, 0, 1, 2, 2, 2, 4, 3, 4, 4, 3, 3, 2, 2, 2, 2, 2, 2, 1, 0, 0, 0, 0, 0, 0, 0]","[0, 0, 0, 0, 0, 0, 0, 0, 0, 0, 0, 0, 0, 0, 0, 0, 0, 0, 0, 0, 0, 0, 0, 0, 0, 0, 0, 0, 0, 0, 0, 0, 0, 0, 0, 0, 0, 0, 0, 0, 0, 0, 0, 0, 0, 0, 0, 0]",2.4375,1.913833957444236,7,0,[],1.4477524274954532,2.6,3.5,2.833333333333333,5.833333333333333,6.0,2.5
11,naive,1,Female,8,2.016806722689076,4,4,1.0,"[2, 2, 3, 3, 4, 3, 3, 4, 2, 2, 1, 0]",2.4166666666666665,1.114924013354971,4,0,"[1, 1, 1, 1, 2, 1, 2, 2, 1, 1, 0, 0]","[1, 1, 2, 2, 2, 2, 1, 2, 1, 1, 1, 0]","[0, 0, 0, 0, 0, 0, 0, 0, 0, 0, 0, 0]",13,1.8571428571428568,4,9,0.4444444444444444,"[3, 3, 3, 4, 4, 4, 5, 3, 2, 1, 0, 1, 3, 3, 4, 3, 1, 1, 0, 0, 0, 0, 0, 0]",2.0,1.632993161855452,5,0,"[1, 2, 2, 2, 2, 1, 1, 0, 0, 0, 0, 0, 1, 1, 1, 1, 0, 0, 0, 0, 0, 0, 0, 0]","[2, 1, 1, 2, 2, 3, 4, 3, 2, 1, 0, 1, 2, 2, 3, 2, 1, 1, 0, 0, 0, 0, 0, 0]","[0, 0, 0, 0, 0, 0, 0, 0, 0, 0, 0, 0, 0, 0, 0, 0, 0, 0, 0, 0, 0, 0, 0, 0]",21,1.9148936170212765,8,13,1.4444444444444444,"[2, 2, 3, 3, 4, 3, 3, 4, 2, 2, 1, 0, 3, 3, 3, 4, 4, 4, 5, 3, 2, 1, 0, 1, 3, 3, 4, 3, 1, 1, 0, 0, 0, 0, 0, 0]","[1, 1, 1, 1, 2, 1, 2, 2, 1, 1, 0, 0, 1, 2, 2, 2, 2, 1, 1, 0, 0, 0, 0, 0, 1, 1, 1, 1, 0, 0, 0, 0, 0, 0, 0, 0]","[1, 1, 2, 2, 2, 2, 1, 2, 1, 1, 1, 0, 2, 1, 1, 2, 2, 3, 4, 3, 2, 1, 0, 1, 2, 2, 3, 2, 1, 1, 0, 0, 0, 0, 0, 0]","[0, 0, 0, 0, 0, 0, 0, 0, 0, 0, 0, 0, 0, 0, 0, 0, 0, 0, 0, 0, 0, 0, 0, 0, 0, 0, 0, 0, 0, 0, 0, 0, 0, 0, 0, 0]",2.138888888888889,1.493556117641118,5,0,[],0.9311371452737384,1.4,3.0,2.0,4.0,1.6666666666666667,1.0
12,naive,1,Male,8,1.4328358208955223,5,3,1.6666666666666667,"[2, 1, 0, 0, 0, 0, 1, 1, 3, 3, 2, 2, 0, 1, 2, 3, 3, 2, 1]",1.4210526315789471,1.0913916501751433,3,0,"[2, 1, 0, 0, 0, 0, 1, 1, 2, 2, 1, 1, 0, 0, 0, 1, 1, 1, 1]","[0, 0, 0, 0, 0, 0, 0, 0, 1, 1, 1, 1, 0, 1, 2, 2, 2, 1, 0]","[0, 0, 0, 0, 0, 0, 0, 0, 0, 0, 0, 0, 0, 0, 0, 0, 0, 0, 0]",7,1.0344827586206895,2,5,0.4,"[1, 0, 0, 0, 0, 0, 1, 2, 3, 3, 3, 2, 1, 1, 0, 0, 1, 2, 2, 2, 1, 0, 0, 0]",1.0416666666666667,1.0598414451647422,3,0,"[0, 0, 0, 0, 0, 0, 0, 1, 1, 1, 2, 1, 1, 1, 0, 0, 0, 0, 0, 0, 0, 0, 0, 0]","[1, 0, 0, 0, 0, 0, 1, 1, 2, 2, 1, 1, 0, 0, 0, 0, 1, 2, 2, 2, 1, 0, 0, 0]","[0, 0, 0, 0, 0, 0, 0, 0, 0, 0, 0, 0, 0, 0, 0, 0, 0, 0, 0, 0, 0, 0, 0, 0]",15,1.2145748987854252,7,8,2.066666666666667,"[2, 1, 0, 0, 0, 0, 1, 1, 3, 3, 2, 2, 0, 1, 2, 3, 3, 2, 1, 1, 0, 0, 0, 0, 0, 1, 2, 3, 3, 3, 2, 1, 1, 0, 0, 1, 2, 2, 2, 1, 0, 0, 0]","[2, 1, 0, 0, 0, 0, 1, 1, 2, 2, 1, 1, 0, 0, 0, 1, 1, 1, 1, 0, 0, 0, 0, 0, 0, 0, 1, 1, 1, 2, 1, 1, 1, 0, 0, 0, 0, 0, 0, 0, 0, 0, 0]","[0, 0, 0, 0, 0, 0, 0, 0, 1, 1, 1, 1, 0, 1, 2, 2, 2, 1, 0, 1, 0, 0, 0, 0, 0, 1, 1, 2, 2, 1, 1, 0, 0, 0, 0, 1, 2, 2, 2, 1, 0, 0, 0]","[0, 0, 0, 0, 0, 0, 0, 0, 0, 0, 0, 0, 0, 0, 0, 0, 0, 0, 0, 0, 0, 0, 0, 0, 0, 0, 0, 0, 0, 0, 0, 0, 0, 0, 0, 0, 0, 0, 0, 0, 0, 0, 0]",1.2093023255813953,1.090298434393585,3,0,[],0.534558974150539,3.6,3.0,3.333333333333333,4.333333333333333,6.833333333333333,1.1666666666666667
13,naive,0,Male,35,5.0,14,21,0.6666666666666666,"[4, 7, 6, 9, 12, 9, 10, 7, 6, 5, 4, 2, 2, 2, 4, 4, 2, 4, 4, 4, 4, 5, 3, 4]",5.125,2.6190408549696205,12,2,"[2, 3, 3, 4, 4, 4, 5, 2, 3, 2, 1, 1, 0, 0, 1, 1, 1, 1, 1, 1, 1, 3, 2, 3]","[2, 4, 3, 5, 8, 5, 5, 5, 3, 3, 3, 1, 2, 2, 3, 3, 1, 3, 3, 3, 3, 2, 1, 1]","[0, 0, 0, 0, 0, 0, 0, 0, 0, 0, 0, 0, 0, 0, 0, 0, 0, 0, 0, 0, 0, 0, 0, 0]",33,5.142857142857142,18,15,1.2,"[7, 7, 6, 2, 2, 2, 4, 7, 7, 8, 7, 6, 8, 8, 9, 7, 5, 4, 2, 4, 4, 3]",5.409090909090909,2.2291272427707685,9,2,"[4, 4, 3, 2, 2, 1, 3, 5, 4, 4, 3, 3, 3, 3, 4, 2, 3, 3, 1, 2, 2, 2]","[3, 3, 3, 0, 0, 1, 1, 2, 3, 4, 4, 3, 5, 5, 5, 5, 2, 1, 1, 2, 2, 1]","[0, 0, 0, 0, 0, 0, 0, 0, 0, 0, 0, 0, 0, 0, 0, 0, 0, 0, 0, 0, 0, 0]",68,5.068322981366459,32,36,1.8666666666666667,"[4, 7, 6, 9, 12, 9, 10, 7, 6, 5, 4, 2, 2, 2, 4, 4, 2, 4, 4, 4, 4, 5, 3, 4, 7, 7, 6, 2, 2, 2, 4, 7, 7, 8, 7, 6, 8, 8, 9, 7, 5, 4, 2, 4, 4, 3]","[2, 3, 3, 4, 4, 4, 5, 2, 3, 2, 1, 1, 0, 0, 1, 1, 1, 1, 1, 1, 1, 3, 2, 3, 4, 4, 3, 2, 2, 1, 3, 5, 4, 4, 3, 3, 3, 3, 4, 2, 3, 3, 1, 2, 2, 2]","[2, 4, 3, 5, 8, 5, 5, 5, 3, 3, 3, 1, 2, 2, 3, 3, 1, 3, 3, 3, 3, 2, 1, 1, 3, 3, 3, 0, 0, 1, 1, 2, 3, 4, 4, 3, 5, 5, 5, 5, 2, 1, 1, 2, 2, 1]","[0, 0, 0, 0, 0, 0, 0, 0, 0, 0, 0, 0, 0, 0, 0, 0, 0, 0, 0, 0, 0, 0, 0, 0, 0, 0, 0, 0, 0, 0, 0, 0, 0, 0, 0, 0, 0, 0, 0, 0, 0, 0, 0, 0, 0, 0]",5.260869565217392,2.4444683124992346,12,2,[],0.6347537304218881,1.2,3.0,1.6666666666666667,4.833333333333333,4.5,5.0
14,naive,0,Male,25,3.571428571428572,13,12,1.0833333333333333,"[3, 0, 0, 4, 4, 7, 8, 4, 4, 6, 5, 5, 8, 3, 3, 3, 0, 2, 2, 2, 5, 4, 4, 4]",3.75,2.145732198263956,8,0,"[1, 0, 0, 2, 2, 4, 4, 2, 2, 3, 3, 3, 5, 2, 2, 2, 0, 1, 1, 1, 2, 2, 2, 2]","[2, 0, 0, 2, 2, 3, 4, 2, 2, 3, 2, 2, 3, 1, 1, 1, 0, 1, 1, 1, 3, 2, 2, 2]","[0, 0, 0, 0, 0, 0, 0, 0, 0, 0, 0, 0, 0, 0, 0, 0, 0, 0, 0, 0, 0, 0, 0, 0]",23,6.6028708133971294,11,12,0.9166666666666666,"[16, 10, 5, 5, 6, 6, 6, 4, 1, 0]",5.9,4.27668095606862,16,0,"[7, 2, 0, 2, 4, 4, 4, 2, 0, 0]","[9, 8, 5, 3, 2, 2, 2, 2, 1, 0]","[0, 0, 0, 0, 0, 0, 0, 0, 0, 0]",48,4.5786963434022265,24,24,2.0,"[3, 0, 0, 4, 4, 7, 8, 4, 4, 6, 5, 5, 8, 3, 3, 3, 0, 2, 2, 2, 5, 4, 4, 4, 16, 10, 5, 5, 6, 6, 6, 4, 1, 0]","[1, 0, 0, 2, 2, 4, 4, 2, 2, 3, 3, 3, 5, 2, 2, 2, 0, 1, 1, 1, 2, 2, 2, 2, 7, 2, 0, 2, 4, 4, 4, 2, 0, 0]","[2, 0, 0, 2, 2, 3, 4, 2, 2, 3, 2, 2, 3, 1, 1, 1, 0, 1, 1, 1, 3, 2, 2, 2, 9, 8, 5, 3, 2, 2, 2, 2, 1, 0]","[0, 0, 0, 0, 0, 0, 0, 0, 0, 0, 0, 0, 0, 0, 0, 0, 0, 0, 0, 0, 0, 0, 0, 0, 0, 0, 0, 0, 0, 0, 0, 0, 0, 0]",4.382352941176471,3.096627253322679,16,0,[],0.3505435629605672,3.6,4.5,3.333333333333333,5.666666666666667,4.833333333333333,1.8333333333333333
15,naive,0,Male,45,6.428571428571429,19,26,0.7307692307692307,"[14, 8, 6, 5, 3, 3, 2, 3, 6, 7, 10, 11, 9, 8, 8, 5, 4, 4, 3, 4, 8, 7, 5, 5]",6.166666666666667,2.881936077631764,14,2,"[8, 5, 4, 2, 1, 1, 0, 1, 3, 3, 6, 5, 3, 4, 1, 1, 1, 0, 1, 1, 3, 3, 2, 2]","[6, 3, 2, 3, 2, 2, 2, 2, 3, 4, 4, 6, 6, 4, 7, 4, 3, 4, 2, 3, 5, 4, 3, 3]","[0, 0, 0, 0, 0, 0, 0, 0, 0, 0, 0, 0, 0, 0, 0, 0, 0, 0, 0, 0, 0, 0, 0, 0]",36,6.945337620578778,16,20,0.8,"[11, 10, 11, 10, 8, 6, 3, 6, 7, 9, 10, 7, 7, 6, 5, 4, 3]",7.235294117647059,2.555948350870639,11,3,"[5, 4, 5, 3, 3, 2, 1, 4, 4, 5, 5, 3, 3, 3, 3, 1, 1]","[6, 6, 6, 7, 5, 4, 2, 2, 3, 4, 5, 4, 4, 3, 2, 3, 2]","[0, 0, 0, 0, 0, 0, 0, 0, 0, 0, 0, 0, 0, 0, 0, 0, 0]",81,6.648426812585499,35,46,1.5307692307692309,"[14, 8, 6, 5, 3, 3, 2, 3, 6, 7, 10, 11, 9, 8, 8, 5, 4, 4, 3, 4, 8, 7, 5, 5, 11, 10, 11, 10, 8, 6, 3, 6, 7, 9, 10, 7, 7, 6, 5, 4, 3]","[8, 5, 4, 2, 1, 1, 0, 1, 3, 3, 6, 5, 3, 4, 1, 1, 1, 0, 1, 1, 3, 3, 2, 2, 5, 4, 5, 3, 3, 2, 1, 4, 4, 5, 5, 3, 3, 3, 3, 1, 1]","[6, 3, 2, 3, 2, 2, 2, 2, 3, 4, 4, 6, 6, 4, 7, 4, 3, 4, 2, 3, 5, 4, 3, 3, 6, 6, 6, 7, 5, 4, 2, 2, 3, 4, 5, 4, 4, 3, 2, 3, 2]","[0, 0, 0, 0, 0, 0, 0, 0, 0, 0, 0, 0, 0, 0, 0, 0, 0, 0, 0, 0, 0, 0, 0, 0, 0, 0, 0, 0, 0, 0, 0, 0, 0, 0, 0, 0, 0, 0, 0, 0, 0]",6.609756097560975,2.8013763932412155,14,2,[],2.4810054819172205,3.4,3.25,3.6666666666666665,6.333333333333333,5.5,2.6666666666666665
16,naive,0,Female,6,0.8571428571428571,1,5,0.2,"[2, 0, 0, 0, 0, 1, 1, 1, 1, 1, 1, 2, 2, 2, 2, 1, 1, 0, 0, 0, 0, 0, 0, 0]",0.75,0.7772815877574012,2,0,"[0, 0, 0, 0, 0, 0, 0, 0, 0, 0, 0, 0, 0, 1, 1, 1, 1, 0, 0, 0, 0, 0, 0, 0]","[2, 0, 0, 0, 0, 1, 1, 1, 1, 1, 1, 2, 2, 1, 1, 0, 0, 0, 0, 0, 0, 0, 0, 0]","[0, 0, 0, 0, 0, 0, 0, 0, 0, 0, 0, 0, 0, 0, 0, 0, 0, 0, 0, 0, 0, 0, 0, 0]",14,2.0,8,6,1.3333333333333333,"[3, 2, 1, 0, 0, 1, 1, 2, 3, 2, 2, 1, 2, 3, 4, 4, 3, 2, 2, 2, 2, 2, 1, 2]",1.9583333333333333,1.0197698542100349,4,0,"[1, 1, 1, 0, 0, 1, 1, 1, 1, 0, 0, 0, 2, 3, 4, 4, 3, 2, 1, 1, 1, 1, 1, 1]","[2, 1, 0, 0, 0, 0, 0, 1, 2, 2, 2, 1, 0, 0, 0, 0, 0, 0, 1, 1, 1, 1, 0, 1]","[0, 0, 0, 0, 0, 0, 0, 0, 0, 0, 0, 0, 0, 0, 0, 0, 0, 0, 0, 0, 0, 0, 0, 0]",20,1.4285714285714286,9,11,1.5333333333333332,"[2, 0, 0, 0, 0, 1, 1, 1, 1, 1, 1, 2, 2, 2, 2, 1, 1, 0, 0, 0, 0, 0, 0, 0, 3, 2, 1, 0, 0, 1, 1, 2, 3, 2, 2, 1, 2, 3, 4, 4, 3, 2, 2, 2, 2, 2, 1, 2]","[0, 0, 0, 0, 0, 0, 0, 0, 0, 0, 0, 0, 0, 1, 1, 1, 1, 0, 0, 0, 0, 0, 0, 0, 1, 1, 1, 0, 0, 1, 1, 1, 1, 0, 0, 0, 2, 3, 4, 4, 3, 2, 1, 1, 1, 1, 1, 1]","[2, 0, 0, 0, 0, 1, 1, 1, 1, 1, 1, 2, 2, 1, 1, 0, 0, 0, 0, 0, 0, 0, 0, 0, 2, 1, 0, 0, 0, 0, 0, 1, 2, 2, 2, 1, 0, 0, 0, 0, 0, 0, 1, 1, 1, 1, 0, 1]","[0, 0, 0, 0, 0, 0, 0, 0, 0, 0, 0, 0, 0, 0, 0, 0, 0, 0, 0, 0, 0, 0, 0, 0, 0, 0, 0, 0, 0, 0, 0, 0, 0, 0, 0, 0, 0, 0, 0, 0, 0, 0, 0, 0, 0, 0, 0, 0]",1.3541666666666667,1.08952557208274,4,0,[],1.925380342658663,2.6,3.0,2.5,6.166666666666667,5.5,2.333333333333333
38,naive,0,Male,32,4.571428571428571,14,18,0.7777777777777778,"[2, 2, 3, 3, 4, 4, 4, 4, 3, 2, 0, 6, 10, 13, 14, 11, 8, 5, 4, 3, 5, 5, 5, 3]",5.125,3.4918058842572184,14,0,"[1, 1, 3, 3, 3, 3, 2, 2, 2, 1, 0, 1, 1, 2, 3, 3, 4, 3, 2, 3, 3, 3, 3, 1]","[1, 1, 0, 0, 1, 1, 2, 2, 1, 1, 0, 5, 9, 11, 11, 8, 4, 2, 2, 0, 2, 2, 2, 2]","[0, 0, 0, 0, 0, 0, 0, 0, 0, 0, 0, 0, 0, 0, 0, 0, 0, 0, 0, 0, 0, 0, 0, 0]",14,4.329896907216495,8,6,1.3333333333333333,"[8, 9, 9, 7, 2, 1, 2, 4, 4]",5.111111111111111,2.997941680718231,9,1,"[4, 5, 5, 5, 2, 1, 1, 2, 2]","[4, 4, 4, 2, 0, 0, 1, 2, 2]","[0, 0, 0, 0, 0, 0, 0, 0, 0]",46,4.495114006514658,22,24,2.111111111111111,"[2, 2, 3, 3, 4, 4, 4, 4, 3, 2, 0, 6, 10, 13, 14, 11, 8, 5, 4, 3, 5, 5, 5, 3, 8, 9, 9, 7, 2, 1, 2, 4, 4]","[1, 1, 3, 3, 3, 3, 2, 2, 2, 1, 0, 1, 1, 2, 3, 3, 4, 3, 2, 3, 3, 3, 3, 1, 4, 5, 5, 5, 2, 1, 1, 2, 2]","[1, 1, 0, 0, 1, 1, 2, 2, 1, 1, 0, 5, 9, 11, 11, 8, 4, 2, 2, 0, 2, 2, 2, 2, 4, 4, 4, 2, 0, 0, 1, 2, 2]","[0, 0, 0, 0, 0, 0, 0, 0, 0, 0, 0, 0, 0, 0, 0, 0, 0, 0, 0, 0, 0, 0, 0, 0, 0, 0, 0, 0, 0, 0, 0, 0, 0]",5.121212121212121,3.364318795091302,14,0,[],0.8110878047820504,2.8,1.25,1.6666666666666667,2.5,2.1666666666666665,4.5
39,naive,0,Female,34,4.857142857142857,12,22,0.5454545454545454,"[6, 5, 4, 3, 3, 2, 2, 6, 7, 7, 8, 4, 2, 3, 6, 12, 14, 12, 8, 2, 1, 2, 2, 2]",5.125,3.5392148375969867,14,1,"[2, 0, 0, 0, 1, 1, 1, 2, 1, 2, 2, 1, 1, 2, 4, 5, 6, 4, 2, 1, 0, 1, 1, 1]","[4, 5, 4, 3, 2, 1, 1, 4, 6, 5, 6, 3, 1, 1, 2, 7, 8, 8, 6, 1, 1, 1, 1, 1]","[0, 0, 0, 0, 0, 0, 0, 0, 0, 0, 0, 0, 0, 0, 0, 0, 0, 0, 0, 0, 0, 0, 0, 0]",23,3.2857142857142856,10,13,0.7692307692307693,"[3, 3, 3, 2, 2, 2, 1, 1, 2, 1, 1, 3, 3, 4, 4, 4, 5, 4, 4, 3, 4, 7, 8, 7]",3.375,1.8666480653835096,8,1,"[0, 1, 1, 1, 1, 1, 1, 1, 2, 1, 1, 2, 1, 2, 2, 3, 3, 2, 2, 1, 1, 3, 3, 2]","[3, 2, 2, 1, 1, 1, 0, 0, 0, 0, 0, 1, 2, 2, 2, 1, 2, 2, 2, 2, 3, 4, 5, 5]","[0, 0, 0, 0, 0, 0, 0, 0, 0, 0, 0, 0, 0, 0, 0, 0, 0, 0, 0, 0, 0, 0, 0, 0]",57,4.071428571428571,22,35,1.3146853146853146,"[6, 5, 4, 3, 3, 2, 2, 6, 7, 7, 8, 4, 2, 3, 6, 12, 14, 12, 8, 2, 1, 2, 2, 2, 3, 3, 3, 2, 2, 2, 1, 1, 2, 1, 1, 3, 3, 4, 4, 4, 5, 4, 4, 3, 4, 7, 8, 7]","[2, 0, 0, 0, 1, 1, 1, 2, 1, 2, 2, 1, 1, 2, 4, 5, 6, 4, 2, 1, 0, 1, 1, 1, 0, 1, 1, 1, 1, 1, 1, 1, 2, 1, 1, 2, 1, 2, 2, 3, 3, 2, 2, 1, 1, 3, 3, 2]","[4, 5, 4, 3, 2, 1, 1, 4, 6, 5, 6, 3, 1, 1, 2, 7, 8, 8, 6, 1, 1, 1, 1, 1, 3, 2, 2, 1, 1, 1, 0, 0, 0, 0, 0, 1, 2, 2, 2, 1, 2, 2, 2, 2, 3, 4, 5, 5]","[0, 0, 0, 0, 0, 0, 0, 0, 0, 0, 0, 0, 0, 0, 0, 0, 0, 0, 0, 0, 0, 0, 0, 0, 0, 0, 0, 0, 0, 0, 0, 0, 0, 0, 0, 0, 0, 0, 0, 0, 0, 0, 0, 0, 0, 0, 0, 0]",4.25,2.9615592739861434,14,1,[],1.1961705329208296,2.2,4.75,3.8333333333333335,7.333333333333333,6.166666666666667,1.8333333333333333
40,naive,0,Male,28,4.0,14,14,1.0,"[7, 5, 6, 6, 5, 4, 4, 2, 1, 3, 2, 2, 3, 1, 4, 4, 4, 5, 4, 4, 5, 7, 5, 5]",4.083333333333333,1.6308654825650777,7,1,"[3, 3, 3, 3, 2, 1, 2, 1, 1, 1, 0, 0, 1, 1, 4, 4, 4, 4, 1, 1, 1, 3, 3, 3]","[4, 2, 3, 3, 3, 3, 2, 1, 0, 2, 2, 2, 2, 0, 0, 0, 0, 1, 3, 3, 4, 4, 2, 2]","[0, 0, 0, 0, 0, 0, 0, 0, 0, 0, 0, 0, 0, 0, 0, 0, 0, 0, 0, 0, 0, 0, 0, 0]",20,2.857142857142857,6,14,0.4285714285714285,"[5, 3, 3, 2, 5, 5, 5, 4, 2, 2, 4, 6, 5, 6, 3, 1, 1, 0, 1, 1, 1, 1, 1, 1]",2.833333333333333,1.8633899812498247,6,0,"[3, 1, 0, 0, 0, 0, 1, 1, 1, 1, 1, 1, 1, 1, 0, 0, 0, 0, 1, 1, 1, 1, 0, 0]","[2, 2, 3, 2, 5, 5, 4, 3, 1, 1, 3, 5, 4, 5, 3, 1, 1, 0, 0, 0, 0, 0, 1, 1]","[0, 0, 0, 0, 0, 0, 0, 0, 0, 0, 0, 0, 0, 0, 0, 0, 0, 0, 0, 0, 0, 0, 0, 0]",48,3.4285714285714284,20,28,1.4285714285714286,"[7, 5, 6, 6, 5, 4, 4, 2, 1, 3, 2, 2, 3, 1, 4, 4, 4, 5, 4, 4, 5, 7, 5, 5, 5, 3, 3, 2, 5, 5, 5, 4, 2, 2, 4, 6, 5, 6, 3, 1, 1, 0, 1, 1, 1, 1, 1, 1]","[3, 3, 3, 3, 2, 1, 2, 1, 1, 1, 0, 0, 1, 1, 4, 4, 4, 4, 1, 1, 1, 3, 3, 3, 3, 1, 0, 0, 0, 0, 1, 1, 1, 1, 1, 1, 1, 1, 0, 0, 0, 0, 1, 1, 1, 1, 0, 0]","[4, 2, 3, 3, 3, 3, 2, 1, 0, 2, 2, 2, 2, 0, 0, 0, 0, 1, 3, 3, 4, 4, 2, 2, 2, 2, 3, 2, 5, 5, 4, 3, 1, 1, 3, 5, 4, 5, 3, 1, 1, 0, 0, 0, 0, 0, 1, 1]","[0, 0, 0, 0, 0, 0, 0, 0, 0, 0, 0, 0, 0, 0, 0, 0, 0, 0, 0, 0, 0, 0, 0, 0, 0, 0, 0, 0, 0, 0, 0, 0, 0, 0, 0, 0, 0, 0, 0, 0, 0, 0, 0, 0, 0, 0, 0, 0]",3.458333333333333,1.859192626443592,7,0,[],1.8765889303984813,3.0,3.75,1.8333333333333333,5.166666666666667,7.166666666666667,1.5
41,naive,0,Male,50,7.142857142857143,23,27,0.8518518518518519,"[5, 5, 5, 7, 9, 8, 10, 8, 5, 10, 11, 11, 13, 8, 5, 6, 5, 4, 7, 4, 5, 6, 7, 10]",7.25,2.48746859276655,13,4,"[2, 2, 2, 2, 3, 4, 5, 5, 3, 5, 5, 4, 5, 2, 1, 3, 3, 3, 6, 4, 4, 5, 4, 4]","[3, 3, 3, 5, 6, 4, 5, 3, 2, 5, 6, 7, 8, 6, 4, 3, 2, 1, 1, 0, 1, 1, 3, 6]","[0, 0, 0, 0, 0, 0, 0, 0, 0, 0, 0, 0, 0, 0, 0, 0, 0, 0, 0, 0, 0, 0, 0, 0]",27,4.331550802139037,17,10,1.7,"[13, 9, 4, 4, 5, 5, 5, 3, 3, 4, 4, 4, 3, 2, 2, 1, 0, 1, 1, 3, 3]",3.761904761904762,2.7929291997362244,13,0,"[8, 6, 3, 4, 4, 4, 4, 1, 2, 3, 3, 4, 2, 1, 1, 0, 0, 0, 0, 1, 1]","[5, 3, 1, 0, 1, 1, 1, 2, 1, 1, 1, 0, 1, 1, 1, 1, 0, 1, 1, 2, 2]","[0, 0, 0, 0, 0, 0, 0, 0, 0, 0, 0, 0, 0, 0, 0, 0, 0, 0, 0, 0, 0]",77,5.8186397984886655,40,37,2.551851851851852,"[5, 5, 5, 7, 9, 8, 10, 8, 5, 10, 11, 11, 13, 8, 5, 6, 5, 4, 7, 4, 5, 6, 7, 10, 13, 9, 4, 4, 5, 5, 5, 3, 3, 4, 4, 4, 3, 2, 2, 1, 0, 1, 1, 3, 3]","[2, 2, 2, 2, 3, 4, 5, 5, 3, 5, 5, 4, 5, 2, 1, 3, 3, 3, 6, 4, 4, 5, 4, 4, 8, 6, 3, 4, 4, 4, 4, 1, 2, 3, 3, 4, 2, 1, 1, 0, 0, 0, 0, 1, 1]","[3, 3, 3, 5, 6, 4, 5, 3, 2, 5, 6, 7, 8, 6, 4, 3, 2, 1, 1, 0, 1, 1, 3, 6, 5, 3, 1, 0, 1, 1, 1, 2, 1, 1, 1, 0, 1, 1, 1, 1, 0, 1, 1, 2, 2]","[0, 0, 0, 0, 0, 0, 0, 0, 0, 0, 0, 0, 0, 0, 0, 0, 0, 0, 0, 0, 0, 0, 0, 0, 0, 0, 0, 0, 0, 0, 0, 0, 0, 0, 0, 0, 0, 0, 0, 0, 0, 0, 0, 0, 0]",5.622222222222222,3.1572765260154827,13,0,[],1.0409973787794424,3.8,2.5,3.0,6.666666666666667,5.333333333333333,2.5
42,naive,0,Male,44,6.330935251798561,20,24,0.8333333333333334,"[8, 3, 5, 9, 11, 12, 10, 6, 4, 6, 5, 5, 5, 7, 10, 12, 13, 10, 8, 5, 3, 1, 0, 0]",6.583333333333333,3.695906143589448,13,0,"[3, 0, 1, 4, 6, 7, 6, 4, 2, 3, 3, 2, 3, 3, 3, 4, 5, 4, 4, 3, 1, 0, 0, 0]","[5, 3, 4, 5, 5, 5, 4, 2, 2, 3, 2, 3, 2, 4, 7, 8, 8, 6, 4, 2, 2, 1, 0, 0]","[0, 0, 0, 0, 0, 0, 0, 0, 0, 0, 0, 0, 0, 0, 0, 0, 0, 0, 0, 0, 0, 0, 0, 0]",34,6.623376623376623,16,18,0.8888888888888888,"[18, 11, 8, 7, 7, 5, 3, 1, 0, 2, 3, 7, 8, 7, 6, 2, 1]",5.647058823529412,4.310604931896767,18,0,"[6, 4, 4, 6, 6, 5, 3, 1, 0, 2, 2, 2, 3, 2, 2, 2, 1]","[12, 7, 4, 1, 1, 0, 0, 0, 0, 0, 1, 5, 5, 5, 4, 0, 0]","[0, 0, 0, 0, 0, 0, 0, 0, 0, 0, 0, 0, 0, 0, 0, 0, 0]",78,6.455172413793103,36,42,1.7222222222222223,"[8, 3, 5, 9, 11, 12, 10, 6, 4, 6, 5, 5, 5, 7, 10, 12, 13, 10, 8, 5, 3, 1, 0, 0, 18, 11, 8, 7, 7, 5, 3, 1, 0, 2, 3, 7, 8, 7, 6, 2, 1]","[3, 0, 1, 4, 6, 7, 6, 4, 2, 3, 3, 2, 3, 3, 3, 4, 5, 4, 4, 3, 1, 0, 0, 0, 6, 4, 4, 6, 6, 5, 3, 1, 0, 2, 2, 2, 3, 2, 2, 2, 1]","[5, 3, 4, 5, 5, 5, 4, 2, 2, 3, 2, 3, 2, 4, 7, 8, 8, 6, 4, 2, 2, 1, 0, 0, 12, 7, 4, 1, 1, 0, 0, 0, 0, 0, 1, 5, 5, 5, 4, 0, 0]","[0, 0, 0, 0, 0, 0, 0, 0, 0, 0, 0, 0, 0, 0, 0, 0, 0, 0, 0, 0, 0, 0, 0, 0, 0, 0, 0, 0, 0, 0, 0, 0, 0, 0, 0, 0, 0, 0, 0, 0, 0]",6.195121951219512,3.989128593608811,18,0,[],1.177416296996603,3.0,4.0,3.1666666666666665,5.0,5.5,1.1666666666666667
43,naive,0,Male,34,4.857142857142857,18,16,1.125,"[8, 6, 4, 4, 4, 4, 6, 6, 7, 5, 3, 1, 3, 5, 6, 8, 6, 7, 6, 4, 3, 1, 1, 3]",4.625,2.0168560517134915,8,1,"[4, 2, 1, 2, 2, 3, 5, 5, 6, 4, 2, 1, 2, 2, 2, 3, 1, 2, 2, 1, 1, 1, 1, 2]","[4, 4, 3, 2, 2, 1, 1, 1, 1, 1, 1, 0, 1, 3, 4, 5, 5, 5, 4, 3, 2, 0, 0, 1]","[0, 0, 0, 0, 0, 0, 0, 0, 0, 0, 0, 0, 0, 0, 0, 0, 0, 0, 0, 0, 0, 0, 0, 0]",20,2.857142857142857,8,12,0.6666666666666666,"[6, 6, 6, 4, 4, 4, 4, 3, 1, 0, 1, 2, 3, 3, 3, 5, 4, 6, 5, 2, 2, 0, 0, 0]",3.083333333333333,1.998263134713633,6,0,"[3, 2, 2, 0, 0, 1, 1, 1, 1, 0, 1, 2, 3, 3, 2, 2, 1, 1, 1, 0, 0, 0, 0, 0]","[3, 4, 4, 4, 4, 3, 3, 2, 0, 0, 0, 0, 0, 0, 1, 3, 3, 5, 4, 2, 2, 0, 0, 0]","[0, 0, 0, 0, 0, 0, 0, 0, 0, 0, 0, 0, 0, 0, 0, 0, 0, 0, 0, 0, 0, 0, 0, 0]",54,3.857142857142857,26,28,1.7916666666666663,"[8, 6, 4, 4, 4, 4, 6, 6, 7, 5, 3, 1, 3, 5, 6, 8, 6, 7, 6, 4, 3, 1, 1, 3, 6, 6, 6, 4, 4, 4, 4, 3, 1, 0, 1, 2, 3, 3, 3, 5, 4, 6, 5, 2, 2, 0, 0, 0]","[4, 2, 1, 2, 2, 3, 5, 5, 6, 4, 2, 1, 2, 2, 2, 3, 1, 2, 2, 1, 1, 1, 1, 2, 3, 2, 2, 0, 0, 1, 1, 1, 1, 0, 1, 2, 3, 3, 2, 2, 1, 1, 1, 0, 0, 0, 0, 0]","[4, 4, 3, 2, 2, 1, 1, 1, 1, 1, 1, 0, 1, 3, 4, 5, 5, 5, 4, 3, 2, 0, 0, 1, 3, 4, 4, 4, 4, 3, 3, 2, 0, 0, 0, 0, 0, 0, 1, 3, 3, 5, 4, 2, 2, 0, 0, 0]","[0, 0, 0, 0, 0, 0, 0, 0, 0, 0, 0, 0, 0, 0, 0, 0, 0, 0, 0, 0, 0, 0, 0, 0, 0, 0, 0, 0, 0, 0, 0, 0, 0, 0, 0, 0, 0, 0, 0, 0, 0, 0, 0, 0, 0, 0, 0, 0]",3.8541666666666665,2.1504804049844823,8,0,[],0.8845640551270786,4.0,3.75,3.1666666666666665,6.5,6.666666666666667,1.1666666666666667
44,naive,1,Male,31,6.019417475728155,18,13,1.3846153846153846,"[14, 10, 8, 6, 5, 5, 4, 7, 8, 6, 7, 4, 2, 3, 3, 3, 2]",5.705882352941177,3.0440821253966144,14,2,"[8, 5, 3, 3, 2, 3, 2, 5, 5, 4, 5, 2, 2, 3, 2, 2, 1]","[6, 5, 5, 3, 3, 2, 2, 2, 3, 2, 2, 2, 0, 0, 1, 1, 1]","[0, 0, 0, 0, 0, 0, 0, 0, 0, 0, 0, 0, 0, 0, 0, 0, 0]",37,5.285714285714286,20,17,1.1764705882352942,"[10, 7, 6, 5, 6, 5, 5, 5, 3, 4, 6, 5, 4, 3, 4, 4, 3, 4, 3, 4, 4, 5, 5, 5]",4.791666666666667,1.4994211846205483,10,3,"[5, 3, 2, 2, 4, 4, 4, 4, 1, 1, 2, 1, 2, 2, 3, 3, 2, 2, 1, 2, 2, 3, 4, 4]","[5, 4, 4, 3, 2, 1, 1, 1, 2, 3, 4, 4, 2, 1, 1, 1, 1, 2, 2, 2, 2, 2, 1, 1]","[0, 0, 0, 0, 0, 0, 0, 0, 0, 0, 0, 0, 0, 0, 0, 0, 0, 0, 0, 0, 0, 0, 0, 0]",68,5.5967078189300405,38,30,2.5610859728506785,"[14, 10, 8, 6, 5, 5, 4, 7, 8, 6, 7, 4, 2, 3, 3, 3, 2, 10, 7, 6, 5, 6, 5, 5, 5, 3, 4, 6, 5, 4, 3, 4, 4, 3, 4, 3, 4, 4, 5, 5, 5]","[8, 5, 3, 3, 2, 3, 2, 5, 5, 4, 5, 2, 2, 3, 2, 2, 1, 5, 3, 2, 2, 4, 4, 4, 4, 1, 1, 2, 1, 2, 2, 3, 3, 2, 2, 1, 2, 2, 3, 4, 4]","[6, 5, 5, 3, 3, 2, 2, 2, 3, 2, 2, 2, 0, 0, 1, 1, 1, 5, 4, 4, 3, 2, 1, 1, 1, 2, 3, 4, 4, 2, 1, 1, 1, 1, 2, 2, 2, 2, 2, 1, 1]","[0, 0, 0, 0, 0, 0, 0, 0, 0, 0, 0, 0, 0, 0, 0, 0, 0, 0, 0, 0, 0, 0, 0, 0, 0, 0, 0, 0, 0, 0, 0, 0, 0, 0, 0, 0, 0, 0, 0, 0, 0]",5.170731707317073,2.315403763181623,14,2,[],1.0923041648594376,2.6,2.25,2.5,3.1666666666666665,5.0,2.0
45,naive,1,Male,17,4.678899082568807,11,6,1.8333333333333333,"[6, 6, 4, 4, 3, 3, 3, 6, 8, 7, 6]",5.090909090909091,1.6762808104168887,8,3,"[2, 3, 1, 1, 2, 2, 2, 5, 7, 6, 6]","[4, 3, 3, 3, 1, 1, 1, 1, 1, 1, 0]","[0, 0, 0, 0, 0, 0, 0, 0, 0, 0, 0]",22,3.142857142857143,8,14,0.5714285714285714,"[4, 2, 3, 2, 1, 3, 2, 3, 4, 3, 3, 3, 3, 4, 6, 6, 5, 3, 3, 2, 3, 4, 2, 2]",3.1666666666666665,1.2133516482134197,6,1,"[2, 1, 1, 0, 0, 1, 1, 1, 1, 1, 1, 1, 2, 2, 2, 3, 2, 1, 1, 0, 0, 1, 1, 1]","[2, 1, 2, 2, 1, 2, 1, 2, 3, 2, 2, 2, 1, 2, 4, 3, 3, 2, 2, 2, 3, 3, 1, 1]","[0, 0, 0, 0, 0, 0, 0, 0, 0, 0, 0, 0, 0, 0, 0, 0, 0, 0, 0, 0, 0, 0, 0, 0]",39,3.6677115987460818,19,20,2.4047619047619047,"[6, 6, 4, 4, 3, 3, 3, 6, 8, 7, 6, 4, 2, 3, 2, 1, 3, 2, 3, 4, 3, 3, 3, 3, 4, 6, 6, 5, 3, 3, 2, 3, 4, 2, 2]","[2, 3, 1, 1, 2, 2, 2, 5, 7, 6, 6, 2, 1, 1, 0, 0, 1, 1, 1, 1, 1, 1, 1, 2, 2, 2, 3, 2, 1, 1, 0, 0, 1, 1, 1]","[4, 3, 3, 3, 1, 1, 1, 1, 1, 1, 0, 2, 1, 2, 2, 1, 2, 1, 2, 3, 2, 2, 2, 1, 2, 4, 3, 3, 2, 2, 2, 3, 3, 1, 1]","[0, 0, 0, 0, 0, 0, 0, 0, 0, 0, 0, 0, 0, 0, 0, 0, 0, 0, 0, 0, 0, 0, 0, 0, 0, 0, 0, 0, 0, 0, 0, 0, 0, 0, 0]",3.7714285714285714,1.64030858221798,8,1,[],0.7404447603859531,5.0,4.25,3.1666666666666665,6.666666666666667,7.333333333333333,1.6666666666666667
46,naive,1,Male,23,3.2857142857142856,11,12,0.9166666666666666,"[4, 3, 3, 4, 4, 4, 3, 2, 2, 2, 1, 3, 5, 6, 8, 6, 4, 4, 2, 4, 3, 3, 3, 1]",3.5,1.5811388300841898,8,1,"[1, 1, 2, 3, 3, 3, 2, 1, 0, 0, 0, 0, 3, 4, 5, 5, 2, 1, 0, 1, 1, 2, 2, 1]","[3, 2, 1, 1, 1, 1, 1, 1, 2, 2, 1, 3, 2, 2, 3, 1, 2, 3, 2, 3, 2, 1, 1, 0]","[0, 0, 0, 0, 0, 0, 0, 0, 0, 0, 0, 0, 0, 0, 0, 0, 0, 0, 0, 0, 0, 0, 0, 0]",22,3.142857142857143,14,8,1.75,"[8, 6, 3, 2, 3, 3, 4, 4, 3, 2, 3, 3, 4, 5, 4, 3, 2, 1, 0, 1, 2, 2, 2, 1]",2.958333333333333,1.6950704672339991,8,0,"[7, 5, 2, 1, 1, 1, 1, 1, 1, 0, 2, 2, 2, 3, 2, 2, 2, 1, 0, 0, 1, 1, 1, 1]","[1, 1, 1, 1, 2, 2, 3, 3, 2, 2, 1, 1, 2, 2, 2, 1, 0, 0, 0, 1, 1, 1, 1, 0]","[0, 0, 0, 0, 0, 0, 0, 0, 0, 0, 0, 0, 0, 0, 0, 0, 0, 0, 0, 0, 0, 0, 0, 0]",45,3.2142857142857144,25,20,2.6666666666666665,"[4, 3, 3, 4, 4, 4, 3, 2, 2, 2, 1, 3, 5, 6, 8, 6, 4, 4, 2, 4, 3, 3, 3, 1, 8, 6, 3, 2, 3, 3, 4, 4, 3, 2, 3, 3, 4, 5, 4, 3, 2, 1, 0, 1, 2, 2, 2, 1]","[1, 1, 2, 3, 3, 3, 2, 1, 0, 0, 0, 0, 3, 4, 5, 5, 2, 1, 0, 1, 1, 2, 2, 1, 7, 5, 2, 1, 1, 1, 1, 1, 1, 0, 2, 2, 2, 3, 2, 2, 2, 1, 0, 0, 1, 1, 1, 1]","[3, 2, 1, 1, 1, 1, 1, 1, 2, 2, 1, 3, 2, 2, 3, 1, 2, 3, 2, 3, 2, 1, 1, 0, 1, 1, 1, 1, 2, 2, 3, 3, 2, 2, 1, 1, 2, 2, 2, 1, 0, 0, 0, 1, 1, 1, 1, 0]","[0, 0, 0, 0, 0, 0, 0, 0, 0, 0, 0, 0, 0, 0, 0, 0, 0, 0, 0, 0, 0, 0, 0, 0, 0, 0, 0, 0, 0, 0, 0, 0, 0, 0, 0, 0, 0, 0, 0, 0, 0, 0, 0, 0, 0, 0, 0, 0]",3.2291666666666665,1.6613195474949691,8,0,[],1.7208854455930798,3.0,1.25,1.3333333333333333,3.6666666666666665,4.5,3.0
47,naive,0,Male,22,3.142857142857143,13,9,1.4444444444444444,"[4, 2, 2, 3, 2, 3, 3, 2, 1, 1, 1, 2, 4, 4, 5, 5, 3, 3, 2, 2, 3, 4, 5, 6]",3.0,1.35400640077266,6,1,"[4, 2, 2, 2, 1, 2, 2, 2, 1, 1, 1, 2, 3, 2, 2, 2, 1, 2, 2, 1, 2, 1, 2, 2]","[0, 0, 0, 1, 1, 1, 1, 0, 0, 0, 0, 0, 1, 2, 3, 3, 2, 1, 0, 1, 1, 3, 3, 4]","[0, 0, 0, 0, 0, 0, 0, 0, 0, 0, 0, 0, 0, 0, 0, 0, 0, 0, 0, 0, 0, 0, 0, 0]",22,3.142857142857143,13,9,1.4444444444444444,"[4, 3, 4, 3, 2, 4, 5, 7, 7, 6, 5, 4, 4, 3, 2, 1, 1, 2, 2, 2, 1, 1, 3, 3]",3.2916666666666665,1.7435396627423063,7,1,"[2, 2, 2, 1, 1, 1, 2, 3, 3, 4, 4, 3, 2, 1, 0, 0, 1, 2, 2, 2, 1, 1, 3, 3]","[2, 1, 2, 2, 1, 3, 3, 4, 4, 2, 1, 1, 2, 2, 2, 1, 0, 0, 0, 0, 0, 0, 0, 0]","[0, 0, 0, 0, 0, 0, 0, 0, 0, 0, 0, 0, 0, 0, 0, 0, 0, 0, 0, 0, 0, 0, 0, 0]",44,3.142857142857143,26,18,2.888888888888889,"[4, 2, 2, 3, 2, 3, 3, 2, 1, 1, 1, 2, 4, 4, 5, 5, 3, 3, 2, 2, 3, 4, 5, 6, 4, 3, 4, 3, 2, 4, 5, 7, 7, 6, 5, 4, 4, 3, 2, 1, 1, 2, 2, 2, 1, 1, 3, 3]","[4, 2, 2, 2, 1, 2, 2, 2, 1, 1, 1, 2, 3, 2, 2, 2, 1, 2, 2, 1, 2, 1, 2, 2, 2, 2, 2, 1, 1, 1, 2, 3, 3, 4, 4, 3, 2, 1, 0, 0, 1, 2, 2, 2, 1, 1, 3, 3]","[0, 0, 0, 1, 1, 1, 1, 0, 0, 0, 0, 0, 1, 2, 3, 3, 2, 1, 0, 1, 1, 3, 3, 4, 2, 1, 2, 2, 1, 3, 3, 4, 4, 2, 1, 1, 2, 2, 2, 1, 0, 0, 0, 0, 0, 0, 0, 0]","[0, 0, 0, 0, 0, 0, 0, 0, 0, 0, 0, 0, 0, 0, 0, 0, 0, 0, 0, 0, 0, 0, 0, 0, 0, 0, 0, 0, 0, 0, 0, 0, 0, 0, 0, 0, 0, 0, 0, 0, 0, 0, 0, 0, 0, 0, 0, 0]",3.145833333333333,1.5677688941790993,7,1,[],2.2585510366503763,3.6,2.25,2.333333333333333,2.6666666666666665,2.1666666666666665,2.6666666666666665
49,naive,0,Female,17,2.4285714285714284,7,10,0.7,"[3, 2, 2, 2, 1, 1, 1, 1, 2, 2, 3, 3, 3, 2, 2, 2, 2, 4, 4, 4, 5, 3, 3, 3]",2.5,1.0408329997330663,5,1,"[2, 2, 2, 2, 1, 1, 1, 1, 2, 2, 2, 2, 1, 0, 0, 0, 0, 0, 0, 0, 1, 1, 1, 1]","[1, 0, 0, 0, 0, 0, 0, 0, 0, 0, 1, 1, 2, 2, 2, 2, 2, 4, 4, 4, 4, 2, 2, 2]","[0, 0, 0, 0, 0, 0, 0, 0, 0, 0, 0, 0, 0, 0, 0, 0, 0, 0, 0, 0, 0, 0, 0, 0]",8,1.1428571428571428,4,4,1.0,"[1, 1, 2, 2, 2, 1, 0, 0, 0, 0, 1, 1, 1, 1, 1, 1, 1, 1, 0, 0, 0, 1, 2, 2]",0.9166666666666666,0.7021791477646966,2,0,"[0, 0, 1, 1, 1, 1, 0, 0, 0, 0, 0, 0, 0, 0, 1, 1, 1, 1, 0, 0, 0, 0, 1, 1]","[1, 1, 1, 1, 1, 0, 0, 0, 0, 0, 1, 1, 1, 1, 0, 0, 0, 0, 0, 0, 0, 1, 1, 1]","[0, 0, 0, 0, 0, 0, 0, 0, 0, 0, 0, 0, 0, 0, 0, 0, 0, 0, 0, 0, 0, 0, 0, 0]",25,1.7857142857142858,11,14,1.7,"[3, 2, 2, 2, 1, 1, 1, 1, 2, 2, 3, 3, 3, 2, 2, 2, 2, 4, 4, 4, 5, 3, 3, 3, 1, 1, 2, 2, 2, 1, 0, 0, 0, 0, 1, 1, 1, 1, 1, 1, 1, 1, 0, 0, 0, 1, 2, 2]","[2, 2, 2, 2, 1, 1, 1, 1, 2, 2, 2, 2, 1, 0, 0, 0, 0, 0, 0, 0, 1, 1, 1, 1, 0, 0, 1, 1, 1, 1, 0, 0, 0, 0, 0, 0, 0, 0, 1, 1, 1, 1, 0, 0, 0, 0, 1, 1]","[1, 0, 0, 0, 0, 0, 0, 0, 0, 0, 1, 1, 2, 2, 2, 2, 2, 4, 4, 4, 4, 2, 2, 2, 1, 1, 1, 1, 1, 0, 0, 0, 0, 0, 1, 1, 1, 1, 0, 0, 0, 0, 0, 0, 0, 1, 1, 1]","[0, 0, 0, 0, 0, 0, 0, 0, 0, 0, 0, 0, 0, 0, 0, 0, 0, 0, 0, 0, 0, 0, 0, 0, 0, 0, 0, 0, 0, 0, 0, 0, 0, 0, 0, 0, 0, 0, 0, 0, 0, 0, 0, 0, 0, 0, 0, 0]",1.7083333333333333,1.1895085353016832,5,0,[],0.5702677817094373,4.2,2.5,2.5,3.8333333333333335,3.1666666666666665,2.5
50,naive,0,Male,34,4.857142857142857,22,12,1.8333333333333333,"[4, 4, 6, 10, 8, 7, 5, 2, 3, 3, 6, 5, 4, 3, 2, 2, 4, 5, 3, 4, 3, 6, 10, 9]",4.916666666666667,2.3614378858841256,10,2,"[2, 4, 6, 9, 7, 5, 3, 0, 1, 1, 4, 4, 3, 3, 2, 2, 3, 4, 2, 3, 3, 3, 5, 4]","[2, 0, 0, 1, 1, 2, 2, 2, 2, 2, 2, 1, 1, 0, 0, 0, 1, 1, 1, 1, 0, 3, 5, 5]","[0, 0, 0, 0, 0, 0, 0, 0, 0, 0, 0, 0, 0, 0, 0, 0, 0, 0, 0, 0, 0, 0, 0, 0]",14,3.783783783783784,9,5,1.8,"[7, 6, 7, 7, 4, 4, 3, 1, 1, 2, 2]",4.0,2.2962419891481978,7,1,"[4, 3, 4, 5, 3, 3, 2, 1, 1, 2, 2]","[3, 3, 3, 2, 1, 1, 1, 0, 0, 0, 0]","[0, 0, 0, 0, 0, 0, 0, 0, 0, 0, 0]",48,4.485981308411216,31,17,3.633333333333333,"[4, 4, 6, 10, 8, 7, 5, 2, 3, 3, 6, 5, 4, 3, 2, 2, 4, 5, 3, 4, 3, 6, 10, 9, 7, 6, 7, 7, 4, 4, 3, 1, 1, 2, 2]","[2, 4, 6, 9, 7, 5, 3, 0, 1, 1, 4, 4, 3, 3, 2, 2, 3, 4, 2, 3, 3, 3, 5, 4, 4, 3, 4, 5, 3, 3, 2, 1, 1, 2, 2]","[2, 0, 0, 1, 1, 2, 2, 2, 2, 2, 2, 1, 1, 0, 0, 0, 1, 1, 1, 1, 0, 3, 5, 5, 3, 3, 3, 2, 1, 1, 1, 0, 0, 0, 0]","[0, 0, 0, 0, 0, 0, 0, 0, 0, 0, 0, 0, 0, 0, 0, 0, 0, 0, 0, 0, 0, 0, 0, 0, 0, 0, 0, 0, 0, 0, 0, 0, 0, 0, 0]",4.628571428571429,2.379504321560802,10,1,[],2.2187473977711907,2.2,2.5,1.8333333333333333,4.0,4.166666666666667,3.8333333333333335
51,naive,1,Female,19,2.8287841191067,9,10,0.9,"[11, 5, 4, 2, 5, 3, 3, 3, 0, 0, 2, 3, 3, 3, 1, 0, 0, 0, 0, 0, 0, 0, 0]",2.0869565217391304,2.5522887167720305,11,0,"[6, 2, 2, 0, 1, 1, 1, 1, 0, 0, 1, 2, 2, 2, 1, 0, 0, 0, 0, 0, 0, 0, 0]","[5, 3, 2, 2, 4, 2, 2, 2, 0, 0, 1, 1, 1, 1, 0, 0, 0, 0, 0, 0, 0, 0, 0]","[0, 0, 0, 0, 0, 0, 0, 0, 0, 0, 0, 0, 0, 0, 0, 0, 0, 0, 0, 0, 0, 0, 0]",13,1.8571428571428568,7,6,1.1666666666666667,"[2, 1, 1, 0, 0, 0, 0, 0, 2, 4, 6, 6, 6, 4, 2, 2, 0, 0, 1, 2, 2, 3, 2, 1]",1.9583333333333333,1.9252525086913204,6,0,"[2, 1, 1, 0, 0, 0, 0, 0, 2, 3, 4, 4, 3, 2, 1, 1, 0, 0, 0, 0, 0, 0, 0, 0]","[0, 0, 0, 0, 0, 0, 0, 0, 0, 1, 2, 2, 3, 2, 1, 1, 0, 0, 1, 2, 2, 3, 2, 1]","[0, 0, 0, 0, 0, 0, 0, 0, 0, 0, 0, 0, 0, 0, 0, 0, 0, 0, 0, 0, 0, 0, 0, 0]",32,2.332928311057108,16,16,2.066666666666667,"[11, 5, 4, 2, 5, 3, 3, 3, 0, 0, 2, 3, 3, 3, 1, 0, 0, 0, 0, 0, 0, 0, 0, 2, 1, 1, 0, 0, 0, 0, 0, 2, 4, 6, 6, 6, 4, 2, 2, 0, 0, 1, 2, 2, 3, 2, 1]","[6, 2, 2, 0, 1, 1, 1, 1, 0, 0, 1, 2, 2, 2, 1, 0, 0, 0, 0, 0, 0, 0, 0, 2, 1, 1, 0, 0, 0, 0, 0, 2, 3, 4, 4, 3, 2, 1, 1, 0, 0, 0, 0, 0, 0, 0, 0]","[5, 3, 2, 2, 4, 2, 2, 2, 0, 0, 1, 1, 1, 1, 0, 0, 0, 0, 0, 0, 0, 0, 0, 0, 0, 0, 0, 0, 0, 0, 0, 0, 1, 2, 2, 3, 2, 1, 1, 0, 0, 1, 2, 2, 3, 2, 1]","[0, 0, 0, 0, 0, 0, 0, 0, 0, 0, 0, 0, 0, 0, 0, 0, 0, 0, 0, 0, 0, 0, 0, 0, 0, 0, 0, 0, 0, 0, 0, 0, 0, 0, 0, 0, 0, 0, 0, 0, 0, 0, 0, 0, 0, 0, 0]",2.021276595744681,2.254917667998599,11,0,[],0.7127282758692565,3.6,3.75,3.1666666666666665,5.5,3.8333333333333335,1.0
61,datadriven,0,Male,33,4.714285714285714,0,33,0.0,"[5, 5, 5, 5, 5, 5, 7, 9, 9, 5, 5, 3, 3, 2, 0, 0, 0, 0, 0, 4, 8, 9, 9, 5]",4.5,2.98607881119482,9,0,"[0, 0, 0, 0, 0, 0, 0, 0, 0, 0, 0, 0, 0, 0, 0, 0, 0, 0, 0, 0, 0, 0, 0, 0]","[5, 5, 5, 5, 5, 5, 7, 9, 9, 5, 5, 3, 3, 2, 0, 0, 0, 0, 0, 4, 8, 9, 9, 5]","[0, 0, 0, 0, 0, 0, 0, 0, 0, 0, 0, 0, 0, 0, 0, 0, 0, 0, 0, 0, 0, 0, 0, 0]",71,10.142857142857142,0,68,0.0422535211267605,"[13, 16, 16, 15, 15, 16, 16, 14, 14, 10, 7, 7, 3, 8, 10, 12, 13, 15, 16, 12, 10, 4, 1, 1]",11.0,4.8218253804964775,16,1,"[0, 0, 0, 0, 0, 0, 0, 0, 0, 0, 0, 0, 0, 0, 0, 0, 0, 0, 0, 0, 0, 0, 0, 0]","[12, 15, 14, 13, 14, 15, 16, 14, 14, 10, 7, 7, 3, 8, 10, 12, 13, 14, 15, 11, 9, 4, 1, 1]","[1, 1, 2, 2, 1, 1, 0, 0, 0, 0, 0, 0, 0, 0, 0, 0, 0, 1, 1, 1, 1, 0, 0, 0]",104,7.428571428571429,0,101,0.0422535211267605,"[5, 5, 5, 5, 5, 5, 7, 9, 9, 5, 5, 3, 3, 2, 0, 0, 0, 0, 0, 4, 8, 9, 9, 5, 13, 16, 16, 15, 15, 16, 16, 14, 14, 10, 7, 7, 3, 8, 10, 12, 13, 15, 16, 12, 10, 4, 1, 1]","[0, 0, 0, 0, 0, 0, 0, 0, 0, 0, 0, 0, 0, 0, 0, 0, 0, 0, 0, 0, 0, 0, 0, 0, 0, 0, 0, 0, 0, 0, 0, 0, 0, 0, 0, 0, 0, 0, 0, 0, 0, 0, 0, 0, 0, 0, 0, 0]","[5, 5, 5, 5, 5, 5, 7, 9, 9, 5, 5, 3, 3, 2, 0, 0, 0, 0, 0, 4, 8, 9, 9, 5, 12, 15, 14, 13, 14, 15, 16, 14, 14, 10, 7, 7, 3, 8, 10, 12, 13, 14, 15, 11, 9, 4, 1, 1]","[0, 0, 0, 0, 0, 0, 0, 0, 0, 0, 0, 0, 0, 0, 0, 0, 0, 0, 0, 0, 0, 0, 0, 0, 1, 1, 2, 2, 1, 1, 0, 0, 0, 0, 0, 0, 0, 0, 0, 0, 0, 1, 1, 1, 1, 0, 0, 0]",7.75,5.161960221982859,16,0,"[1.0, 1.0, 1.0, 1.0, 1.0, 1.0, 1.0, 1.0, 1.0, 1.0, 1.0, 1.0, 1.0, 1.0, 1.0, 1.0, 1.0, 1.0, 1.0, 1.0, 1.0, 1.0, 1.0, 1.0, 1.0, 1.0, 1.0, 1.0, 1.0, 1.0, 1.0, 1.0, 1.0, 1.0, 1.0, 1.0, 1.0, 1.0, 1.0, 1.0, 1.0, 1.0, 1.0, 1.0, 1.0, 2.0, 1.0, 1.0, 1.0, 1.0, 1.0, 2.0, 1.0, 1.0, 1.0, 1.0, 1.0, 1.0, 1.0, 1.0, 1.0, 1.0, 1.0, 1.0, 1.0, 1.0, 1.0, 1.0, 1.0, 1.0, 1.0, 1.0, 1.0, 1.0, 1.0, 1.0, 1.0, 1.0, 1.0, 1.0, 1.0, 1.0, 1.0, 1.0, 1.0, 1.0, 1.0, 1.0, 1.0, 1.0, 1.0, 1.0, 1.0, 1.0, 1.0, 1.0, 1.0, 2.0, 1.0, 1.0, 1.0, 1.0, 1.0, 1.0]",2.063301929923057,1.0,2.75,2.0,3.0,1.3333333333333333,3.333333333333333
62,datadriven,0,Female,19,2.746987951807229,0,17,0.1052631578947368,"[2, 2, 4, 2, 4, 4, 2, 3, 3, 3, 4, 4, 4, 4, 4, 5, 3, 3, 2, 2, 2, 2, 3, 1]",3.0,1.0,5,1,"[0, 0, 0, 0, 0, 0, 0, 0, 0, 0, 0, 0, 0, 0, 0, 0, 0, 0, 0, 0, 0, 0, 0, 0]","[2, 2, 3, 1, 3, 3, 2, 2, 2, 2, 3, 4, 4, 4, 4, 5, 3, 3, 2, 2, 2, 2, 3, 1]","[0, 0, 1, 1, 1, 1, 0, 1, 1, 1, 1, 0, 0, 0, 0, 0, 0, 0, 0, 0, 0, 0, 0, 0]",9,1.806020066889632,0,9,0.0,"[1, 1, 2, 4, 6, 6, 6, 4, 1, 1, 0, 0, 0, 0, 0, 1]",2.0625,2.2491317769308226,6,0,"[0, 0, 0, 0, 0, 0, 0, 0, 0, 0, 0, 0, 0, 0, 0, 0]","[1, 1, 2, 4, 6, 6, 6, 4, 1, 1, 0, 0, 0, 0, 0, 1]","[0, 0, 0, 0, 0, 0, 0, 0, 0, 0, 0, 0, 0, 0, 0, 0]",28,2.3529411764705883,0,26,0.1052631578947368,"[2, 2, 4, 2, 4, 4, 2, 3, 3, 3, 4, 4, 4, 4, 4, 5, 3, 3, 2, 2, 2, 2, 3, 1, 1, 1, 2, 4, 6, 6, 6, 4, 1, 1, 0, 0, 0, 0, 0, 1]","[0, 0, 0, 0, 0, 0, 0, 0, 0, 0, 0, 0, 0, 0, 0, 0, 0, 0, 0, 0, 0, 0, 0, 0, 0, 0, 0, 0, 0, 0, 0, 0, 0, 0, 0, 0, 0, 0, 0, 0]","[2, 2, 3, 1, 3, 3, 2, 2, 2, 2, 3, 4, 4, 4, 4, 5, 3, 3, 2, 2, 2, 2, 3, 1, 1, 1, 2, 4, 6, 6, 6, 4, 1, 1, 0, 0, 0, 0, 0, 1]","[0, 0, 1, 1, 1, 1, 0, 1, 1, 1, 1, 0, 0, 0, 0, 0, 0, 0, 0, 0, 0, 0, 0, 0, 0, 0, 0, 0, 0, 0, 0, 0, 0, 0, 0, 0, 0, 0, 0, 0]",2.625,1.6835602157333132,6,0,"[1.0, 1.0, 1.0, 2.0, 1.0, 1.0, 2.0, 1.0, 1.0, 1.0, 1.0, 1.0, 1.0, 1.0, 1.0, 1.0, 1.0, 1.0, 1.0, 1.0, 1.0, 1.0, 1.0, 1.0, 1.0, 1.0, 1.0, 1.0]",1.6061740184075597,3.0,3.75,3.1666666666666665,6.166666666666667,3.333333333333333,4.333333333333333
63,datadriven,0,Male,28,4.0,0,28,0.0,"[2, 4, 2, 2, 2, 0, 1, 1, 3, 3, 2, 4, 5, 7, 7, 6, 3, 1, 3, 2, 3, 5, 7, 10]",3.5416666666666665,2.380111458641287,10,0,"[0, 0, 0, 0, 0, 0, 0, 0, 0, 0, 0, 0, 0, 0, 0, 0, 0, 0, 0, 0, 0, 0, 0, 0]","[2, 4, 2, 2, 2, 0, 1, 1, 3, 3, 2, 4, 5, 7, 7, 6, 3, 1, 3, 2, 3, 5, 7, 10]","[0, 0, 0, 0, 0, 0, 0, 0, 0, 0, 0, 0, 0, 0, 0, 0, 0, 0, 0, 0, 0, 0, 0, 0]",16,4.173913043478261,0,16,0.0,"[11, 9, 3, 3, 2, 2, 3, 2, 2, 3, 2, 2]",3.6666666666666665,2.896357866163794,11,2,"[0, 0, 0, 0, 0, 0, 0, 0, 0, 0, 0, 0]","[11, 9, 3, 3, 2, 2, 3, 2, 2, 3, 2, 2]","[0, 0, 0, 0, 0, 0, 0, 0, 0, 0, 0, 0]",44,4.061538461538461,0,44,0.0,"[2, 4, 2, 2, 2, 0, 1, 1, 3, 3, 2, 4, 5, 7, 7, 6, 3, 1, 3, 2, 3, 5, 7, 10, 11, 9, 3, 3, 2, 2, 3, 2, 2, 3, 2, 2]","[0, 0, 0, 0, 0, 0, 0, 0, 0, 0, 0, 0, 0, 0, 0, 0, 0, 0, 0, 0, 0, 0, 0, 0, 0, 0, 0, 0, 0, 0, 0, 0, 0, 0, 0, 0]","[2, 4, 2, 2, 2, 0, 1, 1, 3, 3, 2, 4, 5, 7, 7, 6, 3, 1, 3, 2, 3, 5, 7, 10, 11, 9, 3, 3, 2, 2, 3, 2, 2, 3, 2, 2]","[0, 0, 0, 0, 0, 0, 0, 0, 0, 0, 0, 0, 0, 0, 0, 0, 0, 0, 0, 0, 0, 0, 0, 0, 0, 0, 0, 0, 0, 0, 0, 0, 0, 0, 0, 0]",3.583333333333333,2.5644470922381863,11,0,"[1.0, 1.0, 1.0, 1.0, 1.0, 1.0, 1.0, 1.0, 1.0, 1.0, 1.0, 1.0, 1.0, 1.0, 1.0, 1.0, 1.0, 1.0, 1.0, 1.0, 1.0, 1.0, 1.0, 1.0, 1.0, 1.0, 1.0, 1.0, 1.0, 1.0, 1.0, 1.0, 1.0, 1.0, 1.0, 1.0, 1.0, 1.0, 1.0, 1.0, 1.0, 1.0, 1.0]",1.0871501836936035,1.0,1.75,2.0,4.333333333333333,3.8333333333333335,1.6666666666666667
64,datadriven,0,Female,43,6.142857142857143,0,43,0.0,"[10, 7, 7, 10, 7, 7, 6, 3, 3, 3, 0, 0, 2, 6, 11, 15, 15, 12, 7, 4, 3, 2, 3, 4]",6.125,4.166458328124739,15,0,"[0, 0, 0, 0, 0, 0, 0, 0, 0, 0, 0, 0, 0, 0, 0, 0, 0, 0, 0, 0, 0, 0, 0, 0]","[10, 7, 7, 10, 7, 7, 6, 3, 3, 3, 0, 0, 2, 6, 11, 15, 15, 12, 7, 4, 3, 2, 3, 4]","[0, 0, 0, 0, 0, 0, 0, 0, 0, 0, 0, 0, 0, 0, 0, 0, 0, 0, 0, 0, 0, 0, 0, 0]",47,10.930232558139537,0,45,0.0425531914893617,"[15, 15, 13, 7, 8, 8, 10, 11, 10, 14, 11, 10, 7, 5]",10.285714285714286,3.0101867865293537,15,5,"[0, 0, 0, 0, 0, 0, 0, 0, 0, 0, 0, 0, 0, 0]","[15, 15, 13, 7, 8, 8, 10, 11, 10, 12, 9, 8, 5, 5]","[0, 0, 0, 0, 0, 0, 0, 0, 0, 2, 2, 2, 2, 0]",90,7.964601769911503,0,88,0.0425531914893617,"[10, 7, 7, 10, 7, 7, 6, 3, 3, 3, 0, 0, 2, 6, 11, 15, 15, 12, 7, 4, 3, 2, 3, 4, 15, 15, 13, 7, 8, 8, 10, 11, 10, 14, 11, 10, 7, 5]","[0, 0, 0, 0, 0, 0, 0, 0, 0, 0, 0, 0, 0, 0, 0, 0, 0, 0, 0, 0, 0, 0, 0, 0, 0, 0, 0, 0, 0, 0, 0, 0, 0, 0, 0, 0, 0, 0]","[10, 7, 7, 10, 7, 7, 6, 3, 3, 3, 0, 0, 2, 6, 11, 15, 15, 12, 7, 4, 3, 2, 3, 4, 15, 15, 13, 7, 8, 8, 10, 11, 10, 12, 9, 8, 5, 5]","[0, 0, 0, 0, 0, 0, 0, 0, 0, 0, 0, 0, 0, 0, 0, 0, 0, 0, 0, 0, 0, 0, 0, 0, 0, 0, 0, 0, 0, 0, 0, 0, 0, 2, 2, 2, 2, 0]",7.657894736842105,4.28139374619671,15,0,"[1.0, 1.0, 1.0, 1.0, 1.0, 1.0, 1.0, 1.0, 1.0, 1.0, 1.0, 1.0, 1.0, 1.0, 1.0, 1.0, 1.0, 1.0, 1.0, 1.0, 1.0, 1.0, 1.0, 1.0, 1.0, 1.0, 1.0, 1.0, 1.0, 1.0, 1.0, 1.0, 1.0, 1.0, 1.0, 1.0, 1.0, 1.0, 1.0, 1.0, 1.0, 1.0, 1.0, 1.0, 1.0, 1.0, 1.0, 1.0, 1.0, 1.0, 1.0, 1.0, 1.0, 1.0, 1.0, 1.0, 1.0, 1.0, 1.0, 1.0, 1.0, 1.0, 1.0, 1.0, 1.0, 1.0, 1.0, 1.0, 1.0, 1.0, 1.0, 1.0, 1.0, 1.0, 1.0, 1.0, 1.0, 2.0, 2.0, 1.0, 1.0, 1.0, 1.0, 1.0, 1.0, 1.0, 1.0, 1.0, 1.0, 1.0]",6.2767359679176895,3.6,3.75,3.0,3.5,4.0,4.666666666666667
65,datadriven,0,Male,47,6.714285714285714,0,47,0.0,"[9, 6, 3, 5, 5, 7, 4, 2, 3, 3, 4, 11, 10, 8, 7, 0, 5, 7, 9, 11, 12, 11, 9, 9]",6.666666666666667,3.223179934302286,12,0,"[0, 0, 0, 0, 0, 0, 0, 0, 0, 0, 0, 0, 0, 0, 0, 0, 0, 0, 0, 0, 0, 0, 0, 0]","[9, 6, 3, 5, 5, 7, 4, 2, 3, 3, 4, 11, 10, 8, 7, 0, 5, 7, 9, 11, 12, 11, 9, 9]","[0, 0, 0, 0, 0, 0, 0, 0, 0, 0, 0, 0, 0, 0, 0, 0, 0, 0, 0, 0, 0, 0, 0, 0]",40,9.677419354838708,0,26,0.35,"[11, 11, 11, 7, 10, 8, 12, 16, 13, 10, 7, 3, 6]",9.615384615384617,3.24721091064699,16,3,"[0, 0, 0, 0, 0, 0, 0, 0, 0, 0, 0, 0, 0]","[8, 7, 7, 6, 9, 5, 5, 6, 3, 3, 4, 3, 6]","[3, 4, 4, 1, 1, 3, 7, 10, 10, 7, 3, 0, 0]",87,7.81437125748503,0,73,0.35,"[9, 6, 3, 5, 5, 7, 4, 2, 3, 3, 4, 11, 10, 8, 7, 0, 5, 7, 9, 11, 12, 11, 9, 9, 11, 11, 11, 7, 10, 8, 12, 16, 13, 10, 7, 3, 6]","[0, 0, 0, 0, 0, 0, 0, 0, 0, 0, 0, 0, 0, 0, 0, 0, 0, 0, 0, 0, 0, 0, 0, 0, 0, 0, 0, 0, 0, 0, 0, 0, 0, 0, 0, 0, 0]","[9, 6, 3, 5, 5, 7, 4, 2, 3, 3, 4, 11, 10, 8, 7, 0, 5, 7, 9, 11, 12, 11, 9, 9, 8, 7, 7, 6, 9, 5, 5, 6, 3, 3, 4, 3, 6]","[0, 0, 0, 0, 0, 0, 0, 0, 0, 0, 0, 0, 0, 0, 0, 0, 0, 0, 0, 0, 0, 0, 0, 0, 3, 4, 4, 1, 1, 3, 7, 10, 10, 7, 3, 0, 0]",7.702702702702703,3.5249294788028367,16,0,"[1.0, 1.0, 1.0, 1.0, 1.0, 1.0, 1.0, 1.0, 1.0, 1.0, 1.0, 1.0, 1.0, 1.0, 1.0, 1.0, 1.0, 1.0, 1.0, 1.0, 1.0, 1.0, 1.0, 1.0, 1.0, 1.0, 1.0, 1.0, 1.0, 1.0, 1.0, 1.0, 1.0, 1.0, 1.0, 1.0, 1.0, 1.0, 1.0, 1.0, 1.0, 1.0, 1.0, 1.0, 1.0, 1.0, 1.0, 1.0, 1.0, 1.0, 1.0, 1.0, 1.0, 2.0, 2.0, 2.0, 1.0, 1.0, 2.0, 1.0, 1.0, 1.0, 1.0, 1.0, 1.0, 1.0, 1.0, 1.0, 2.0, 2.0, 2.0, 2.0, 2.0, 2.0, 2.0, 2.0, 2.0, 2.0, 1.0, 1.0, 1.0, 1.0, 1.0, 1.0, 1.0, 1.0, 1.0]",2.650766006517491,2.0,3.25,2.5,4.333333333333333,6.0,1.3333333333333333
66,datadriven,1,Female,12,1.93029490616622,0,12,0.0,"[0, 0, 0, 0, 0, 0, 1, 2, 5, 5, 4, 3, 0, 2, 4, 4, 7, 5, 3, 3, 0]",2.2857142857142856,2.1633936555429614,7,0,"[0, 0, 0, 0, 0, 0, 0, 0, 0, 0, 0, 0, 0, 0, 0, 0, 0, 0, 0, 0, 0]","[0, 0, 0, 0, 0, 0, 1, 2, 5, 5, 4, 3, 0, 2, 4, 4, 7, 5, 3, 3, 0]","[0, 0, 0, 0, 0, 0, 0, 0, 0, 0, 0, 0, 0, 0, 0, 0, 0, 0, 0, 0, 0]",9,1.2857142857142858,0,9,0.0,"[0, 0, 0, 0, 0, 0, 0, 0, 0, 0, 0, 0, 2, 2, 3, 3, 1, 1, 0, 1, 4, 4, 4, 3]",1.1666666666666667,1.4907119849998598,4,0,"[0, 0, 0, 0, 0, 0, 0, 0, 0, 0, 0, 0, 0, 0, 0, 0, 0, 0, 0, 0, 0, 0, 0, 0]","[0, 0, 0, 0, 0, 0, 0, 0, 0, 0, 0, 0, 2, 2, 3, 3, 1, 1, 0, 1, 4, 4, 4, 3]","[0, 0, 0, 0, 0, 0, 0, 0, 0, 0, 0, 0, 0, 0, 0, 0, 0, 0, 0, 0, 0, 0, 0, 0]",21,1.5889029003783102,0,21,0.0,"[0, 0, 0, 0, 0, 0, 1, 2, 5, 5, 4, 3, 0, 2, 4, 4, 7, 5, 3, 3, 0, 0, 0, 0, 0, 0, 0, 0, 0, 0, 0, 0, 0, 2, 2, 3, 3, 1, 1, 0, 1, 4, 4, 4, 3]","[0, 0, 0, 0, 0, 0, 0, 0, 0, 0, 0, 0, 0, 0, 0, 0, 0, 0, 0, 0, 0, 0, 0, 0, 0, 0, 0, 0, 0, 0, 0, 0, 0, 0, 0, 0, 0, 0, 0, 0, 0, 0, 0, 0, 0]","[0, 0, 0, 0, 0, 0, 1, 2, 5, 5, 4, 3, 0, 2, 4, 4, 7, 5, 3, 3, 0, 0, 0, 0, 0, 0, 0, 0, 0, 0, 0, 0, 0, 2, 2, 3, 3, 1, 1, 0, 1, 4, 4, 4, 3]","[0, 0, 0, 0, 0, 0, 0, 0, 0, 0, 0, 0, 0, 0, 0, 0, 0, 0, 0, 0, 0, 0, 0, 0, 0, 0, 0, 0, 0, 0, 0, 0, 0, 0, 0, 0, 0, 0, 0, 0, 0, 0, 0, 0, 0]",1.6888888888888889,1.9185900172577224,7,0,"[1.0, 1.0, 1.0, 1.0, 1.0, 1.0, 1.0, 1.0, 1.0, 1.0, 1.0, 1.0, 1.0, 1.0, 1.0, 1.0, 1.0, 1.0, 1.0, 1.0, 1.0]",1.2719412287091547,4.2,4.0,2.6666666666666665,7.333333333333333,4.0,1.6666666666666667
67,datadriven,1,Female,3,1.111111111111111,0,3,0.0,"[0, 2, 3, 3, 3, 1, 0]",1.7142857142857142,1.27775312999988,3,0,"[0, 0, 0, 0, 0, 0, 0]","[0, 2, 3, 3, 3, 1, 0]","[0, 0, 0, 0, 0, 0, 0]",2,0.2857142857142857,0,2,0.0,"[0, 0, 0, 0, 0, 0, 0, 0, 0, 0, 0, 1, 1, 1, 1, 0, 1, 1, 1, 1, 0, 0, 0, 0]",0.3333333333333333,0.4714045207910317,1,0,"[0, 0, 0, 0, 0, 0, 0, 0, 0, 0, 0, 0, 0, 0, 0, 0, 0, 0, 0, 0, 0, 0, 0, 0]","[0, 0, 0, 0, 0, 0, 0, 0, 0, 0, 0, 1, 1, 1, 1, 0, 1, 1, 1, 1, 0, 0, 0, 0]","[0, 0, 0, 0, 0, 0, 0, 0, 0, 0, 0, 0, 0, 0, 0, 0, 0, 0, 0, 0, 0, 0, 0, 0]",5,0.5154639175257733,0,5,0.0,"[0, 2, 3, 3, 3, 1, 0, 0, 0, 0, 0, 0, 0, 0, 0, 0, 0, 0, 1, 1, 1, 1, 0, 1, 1, 1, 1, 0, 0, 0, 0]","[0, 0, 0, 0, 0, 0, 0, 0, 0, 0, 0, 0, 0, 0, 0, 0, 0, 0, 0, 0, 0, 0, 0, 0, 0, 0, 0, 0, 0, 0, 0]","[0, 2, 3, 3, 3, 1, 0, 0, 0, 0, 0, 0, 0, 0, 0, 0, 0, 0, 1, 1, 1, 1, 0, 1, 1, 1, 1, 0, 0, 0, 0]","[0, 0, 0, 0, 0, 0, 0, 0, 0, 0, 0, 0, 0, 0, 0, 0, 0, 0, 0, 0, 0, 0, 0, 0, 0, 0, 0, 0, 0, 0, 0]",0.6451612903225806,0.9349275320122218,3,0,"[1.0, 1.0, 1.0, 1.0, 1.0]",1.2819907937053254,1.0,3.5,3.333333333333333,6.0,5.333333333333333,2.333333333333333
68,datadriven,1,Female,1,0.3015075376884422,0,1,0.0,"[1, 1, 1, 1, 0, 0, 0, 0, 0, 0]",0.4,0.4898979485566356,1,0,"[0, 0, 0, 0, 0, 0, 0, 0, 0, 0]","[1, 1, 1, 1, 0, 0, 0, 0, 0, 0]","[0, 0, 0, 0, 0, 0, 0, 0, 0, 0]",7,1.0,0,5,0.2857142857142857,"[2, 2, 1, 2, 1, 2, 2, 1, 1, 0, 0, 0, 0, 0, 2, 2, 2, 2, 0, 0, 0, 0, 0, 1]",0.9583333333333334,0.8887803753208975,2,0,"[0, 0, 0, 0, 0, 0, 0, 0, 0, 0, 0, 0, 0, 0, 0, 0, 0, 0, 0, 0, 0, 0, 0, 0]","[2, 2, 1, 2, 1, 2, 2, 1, 1, 0, 0, 0, 0, 0, 0, 0, 0, 0, 0, 0, 0, 0, 0, 1]","[0, 0, 0, 0, 0, 0, 0, 0, 0, 0, 0, 0, 0, 0, 2, 2, 2, 2, 0, 0, 0, 0, 0, 0]",8,0.7754442649434572,0,6,0.2857142857142857,"[1, 1, 1, 1, 0, 0, 0, 0, 0, 0, 2, 2, 1, 2, 1, 2, 2, 1, 1, 0, 0, 0, 0, 0, 2, 2, 2, 2, 0, 0, 0, 0, 0, 1]","[0, 0, 0, 0, 0, 0, 0, 0, 0, 0, 0, 0, 0, 0, 0, 0, 0, 0, 0, 0, 0, 0, 0, 0, 0, 0, 0, 0, 0, 0, 0, 0, 0, 0]","[1, 1, 1, 1, 0, 0, 0, 0, 0, 0, 2, 2, 1, 2, 1, 2, 2, 1, 1, 0, 0, 0, 0, 0, 0, 0, 0, 0, 0, 0, 0, 0, 0, 1]","[0, 0, 0, 0, 0, 0, 0, 0, 0, 0, 0, 0, 0, 0, 0, 0, 0, 0, 0, 0, 0, 0, 0, 0, 2, 2, 2, 2, 0, 0, 0, 0, 0, 0]",0.7941176470588235,0.8324100998873475,2,0,"[1.0, 1.0, 1.0, 1.0, 1.0, 2.0, 2.0, 1.0]",0.9747776800805114,3.6,3.0,2.0,4.333333333333333,5.333333333333333,3.5
69,datadriven,1,Female,6,0.9917355371900828,0,6,0.0,"[0, 2, 2, 2, 3, 1, 2, 2, 1, 1, 0, 0, 0, 0, 0, 0, 0, 2, 2, 2, 2]",1.1428571428571428,0.9897433186107868,3,0,"[0, 0, 0, 0, 0, 0, 0, 0, 0, 0, 0, 0, 0, 0, 0, 0, 0, 0, 0, 0, 0]","[0, 2, 2, 2, 3, 1, 2, 2, 1, 1, 0, 0, 0, 0, 0, 0, 0, 2, 2, 2, 2]","[0, 0, 0, 0, 0, 0, 0, 0, 0, 0, 0, 0, 0, 0, 0, 0, 0, 0, 0, 0, 0]",20,2.857142857142857,0,20,0.0,"[6, 7, 6, 3, 1, 2, 2, 2, 2, 0, 4, 4, 5, 5, 1, 3, 2, 4, 4, 4, 4, 2, 2, 0]",3.125,1.8328597873268968,7,0,"[0, 0, 0, 0, 0, 0, 0, 0, 0, 0, 0, 0, 0, 0, 0, 0, 0, 0, 0, 0, 0, 0, 0, 0]","[6, 7, 6, 3, 1, 2, 2, 2, 2, 0, 4, 4, 5, 5, 1, 3, 2, 4, 4, 4, 4, 2, 2, 0]","[0, 0, 0, 0, 0, 0, 0, 0, 0, 0, 0, 0, 0, 0, 0, 0, 0, 0, 0, 0, 0, 0, 0, 0]",26,1.9923371647509576,0,26,0.0,"[0, 2, 2, 2, 3, 1, 2, 2, 1, 1, 0, 0, 0, 0, 0, 0, 0, 2, 2, 2, 2, 6, 7, 6, 3, 1, 2, 2, 2, 2, 0, 4, 4, 5, 5, 1, 3, 2, 4, 4, 4, 4, 2, 2, 0]","[0, 0, 0, 0, 0, 0, 0, 0, 0, 0, 0, 0, 0, 0, 0, 0, 0, 0, 0, 0, 0, 0, 0, 0, 0, 0, 0, 0, 0, 0, 0, 0, 0, 0, 0, 0, 0, 0, 0, 0, 0, 0, 0, 0, 0]","[0, 2, 2, 2, 3, 1, 2, 2, 1, 1, 0, 0, 0, 0, 0, 0, 0, 2, 2, 2, 2, 6, 7, 6, 3, 1, 2, 2, 2, 2, 0, 4, 4, 5, 5, 1, 3, 2, 4, 4, 4, 4, 2, 2, 0]","[0, 0, 0, 0, 0, 0, 0, 0, 0, 0, 0, 0, 0, 0, 0, 0, 0, 0, 0, 0, 0, 0, 0, 0, 0, 0, 0, 0, 0, 0, 0, 0, 0, 0, 0, 0, 0, 0, 0, 0, 0, 0, 0, 0, 0]",2.2,1.7962924780409977,7,0,"[1.0, 1.0, 1.0, 1.0, 1.0, 1.0, 1.0, 1.0, 1.0, 1.0, 1.0, 1.0, 1.0, 1.0, 1.0, 1.0, 1.0, 1.0, 1.0, 1.0, 1.0, 1.0, 1.0, 1.0, 1.0, 1.0]",0.9591764118605282,3.4,2.75,1.6666666666666667,3.5,2.333333333333333,2.833333333333333
70,datadriven,1,Female,18,3.495145631067961,0,15,0.1666666666666666,"[3, 7, 5, 5, 6, 4, 3, 4, 3, 2, 2, 2, 2, 1, 1, 4, 4]",3.411764705882353,1.6470588235294117,7,1,"[0, 0, 0, 0, 0, 0, 0, 0, 0, 0, 0, 0, 0, 0, 0, 0, 0]","[1, 5, 5, 5, 5, 3, 2, 3, 3, 2, 2, 2, 2, 1, 1, 4, 4]","[2, 2, 0, 0, 1, 1, 1, 1, 0, 0, 0, 0, 0, 0, 0, 0, 0]",55,7.857142857142857,0,54,0.0181818181818181,"[6, 5, 3, 4, 3, 11, 11, 11, 17, 11, 11, 20, 16, 16, 14, 9, 7, 6, 6, 1, 4, 3, 5, 5]",8.541666666666666,5.098849271050174,20,1,"[0, 0, 0, 0, 0, 0, 0, 0, 0, 0, 0, 0, 0, 0, 0, 0, 0, 0, 0, 0, 0, 0, 0, 0]","[6, 5, 3, 4, 3, 11, 10, 10, 16, 10, 11, 20, 16, 16, 14, 9, 7, 6, 6, 1, 4, 3, 5, 5]","[0, 0, 0, 0, 0, 0, 1, 1, 1, 1, 0, 0, 0, 0, 0, 0, 0, 0, 0, 0, 0, 0, 0, 0]",73,6.008230452674897,0,69,0.1848484848484848,"[3, 7, 5, 5, 6, 4, 3, 4, 3, 2, 2, 2, 2, 1, 1, 4, 4, 6, 5, 3, 4, 3, 11, 11, 11, 17, 11, 11, 20, 16, 16, 14, 9, 7, 6, 6, 1, 4, 3, 5, 5]","[0, 0, 0, 0, 0, 0, 0, 0, 0, 0, 0, 0, 0, 0, 0, 0, 0, 0, 0, 0, 0, 0, 0, 0, 0, 0, 0, 0, 0, 0, 0, 0, 0, 0, 0, 0, 0, 0, 0, 0, 0]","[1, 5, 5, 5, 5, 3, 2, 3, 3, 2, 2, 2, 2, 1, 1, 4, 4, 6, 5, 3, 4, 3, 11, 10, 10, 16, 10, 11, 20, 16, 16, 14, 9, 7, 6, 6, 1, 4, 3, 5, 5]","[2, 2, 0, 0, 1, 1, 1, 1, 0, 0, 0, 0, 0, 0, 0, 0, 0, 0, 0, 0, 0, 0, 0, 1, 1, 1, 1, 0, 0, 0, 0, 0, 0, 0, 0, 0, 0, 0, 0, 0, 0]",6.414634146341464,4.767653253863784,20,1,"[2.0, 2.0, 1.0, 1.0, 1.0, 1.0, 1.0, 1.0, 2.0, 1.0, 1.0, 1.0, 1.0, 1.0, 1.0, 1.0, 1.0, 1.0, 1.0, 1.0, 1.0, 1.0, 1.0, 1.0, 1.0, 1.0, 1.0, 1.0, 1.0, 1.0, 1.0, 1.0, 1.0, 1.0, 1.0, 2.0, 1.0, 1.0, 1.0, 1.0, 1.0, 1.0, 1.0, 1.0, 1.0, 1.0, 1.0, 1.0, 1.0, 1.0, 1.0, 1.0, 1.0, 1.0, 1.0, 1.0, 1.0, 1.0, 1.0, 1.0, 1.0, 1.0, 1.0, 1.0, 1.0, 1.0, 1.0, 1.0, 1.0, 1.0, 1.0, 1.0, 1.0]",1.7429585105698795,3.8,1.25,2.1666666666666665,2.0,1.8333333333333333,2.1666666666666665
71,datadriven,1,Female,2,0.2857142857142857,0,2,0.0,"[0, 0, 0, 0, 0, 0, 0, 0, 0, 0, 0, 2, 2, 2, 2, 0, 0, 0, 0, 0, 0, 0, 0, 0]",0.3333333333333333,0.74535599249993,2,0,"[0, 0, 0, 0, 0, 0, 0, 0, 0, 0, 0, 0, 0, 0, 0, 0, 0, 0, 0, 0, 0, 0, 0, 0]","[0, 0, 0, 0, 0, 0, 0, 0, 0, 0, 0, 2, 2, 2, 2, 0, 0, 0, 0, 0, 0, 0, 0, 0]","[0, 0, 0, 0, 0, 0, 0, 0, 0, 0, 0, 0, 0, 0, 0, 0, 0, 0, 0, 0, 0, 0, 0, 0]",7,1.0,0,7,0.0,"[1, 1, 1, 0, 0, 0, 0, 0, 1, 4, 4, 5, 4, 2, 2, 1, 1, 0, 0, 0, 0, 0, 0, 0]",1.125,1.5360257159305637,5,0,"[0, 0, 0, 0, 0, 0, 0, 0, 0, 0, 0, 0, 0, 0, 0, 0, 0, 0, 0, 0, 0, 0, 0, 0]","[1, 1, 1, 0, 0, 0, 0, 0, 1, 4, 4, 5, 4, 2, 2, 1, 1, 0, 0, 0, 0, 0, 0, 0]","[0, 0, 0, 0, 0, 0, 0, 0, 0, 0, 0, 0, 0, 0, 0, 0, 0, 0, 0, 0, 0, 0, 0, 0]",9,0.6428571428571429,0,9,0.0,"[0, 0, 0, 0, 0, 0, 0, 0, 0, 0, 0, 2, 2, 2, 2, 0, 0, 0, 0, 0, 0, 0, 0, 0, 1, 1, 1, 0, 0, 0, 0, 0, 1, 4, 4, 5, 4, 2, 2, 1, 1, 0, 0, 0, 0, 0, 0, 0]","[0, 0, 0, 0, 0, 0, 0, 0, 0, 0, 0, 0, 0, 0, 0, 0, 0, 0, 0, 0, 0, 0, 0, 0, 0, 0, 0, 0, 0, 0, 0, 0, 0, 0, 0, 0, 0, 0, 0, 0, 0, 0, 0, 0, 0, 0, 0, 0]","[0, 0, 0, 0, 0, 0, 0, 0, 0, 0, 0, 2, 2, 2, 2, 0, 0, 0, 0, 0, 0, 0, 0, 0, 1, 1, 1, 0, 0, 0, 0, 0, 1, 4, 4, 5, 4, 2, 2, 1, 1, 0, 0, 0, 0, 0, 0, 0]","[0, 0, 0, 0, 0, 0, 0, 0, 0, 0, 0, 0, 0, 0, 0, 0, 0, 0, 0, 0, 0, 0, 0, 0, 0, 0, 0, 0, 0, 0, 0, 0, 0, 0, 0, 0, 0, 0, 0, 0, 0, 0, 0, 0, 0, 0, 0, 0]",0.7291666666666666,1.2704917573741104,5,0,"[1.0, 1.0, 1.0, 1.0, 1.0, 1.0, 1.0, 1.0, 1.0]",0.4779505326867934,1.8,4.0,2.333333333333333,6.666666666666667,7.666666666666667,4.5
72,datadriven,0,Female,19,2.7142857142857144,0,18,0.0526315789473684,"[2, 0, 1, 1, 1, 2, 2, 3, 5, 5, 5, 4, 2, 3, 2, 2, 2, 3, 3, 3, 3, 0, 1, 2]",2.375,1.378782675647858,5,0,"[0, 0, 0, 0, 0, 0, 0, 0, 0, 0, 0, 0, 0, 0, 0, 0, 0, 0, 0, 0, 0, 0, 0, 0]","[2, 0, 1, 1, 1, 2, 2, 3, 5, 5, 5, 4, 2, 3, 2, 2, 2, 3, 3, 3, 3, 0, 1, 1]","[0, 0, 0, 0, 0, 0, 0, 0, 0, 0, 0, 0, 0, 0, 0, 0, 0, 0, 0, 0, 0, 0, 0, 1]",32,4.571428571428571,0,20,0.375,"[0, 0, 1, 6, 7, 10, 11, 6, 9, 7, 6, 9, 5, 5, 5, 2, 2, 3, 5, 5, 8, 6, 3, 4]",5.208333333333333,2.929436331826009,11,0,"[0, 0, 0, 0, 0, 0, 0, 0, 0, 0, 0, 0, 0, 0, 0, 0, 0, 0, 0, 0, 0, 0, 0, 0]","[0, 0, 0, 5, 6, 7, 9, 4, 4, 4, 3, 6, 5, 4, 4, 1, 1, 3, 3, 2, 3, 1, 0, 2]","[0, 0, 1, 1, 1, 3, 2, 2, 5, 3, 3, 3, 0, 1, 1, 1, 1, 0, 2, 3, 5, 5, 3, 2]",51,3.642857142857143,0,38,0.4276315789473684,"[2, 0, 1, 1, 1, 2, 2, 3, 5, 5, 5, 4, 2, 3, 2, 2, 2, 3, 3, 3, 3, 0, 1, 2, 0, 0, 1, 6, 7, 10, 11, 6, 9, 7, 6, 9, 5, 5, 5, 2, 2, 3, 5, 5, 8, 6, 3, 4]","[0, 0, 0, 0, 0, 0, 0, 0, 0, 0, 0, 0, 0, 0, 0, 0, 0, 0, 0, 0, 0, 0, 0, 0, 0, 0, 0, 0, 0, 0, 0, 0, 0, 0, 0, 0, 0, 0, 0, 0, 0, 0, 0, 0, 0, 0, 0, 0]","[2, 0, 1, 1, 1, 2, 2, 3, 5, 5, 5, 4, 2, 3, 2, 2, 2, 3, 3, 3, 3, 0, 1, 1, 0, 0, 0, 5, 6, 7, 9, 4, 4, 4, 3, 6, 5, 4, 4, 1, 1, 3, 3, 2, 3, 1, 0, 2]","[0, 0, 0, 0, 0, 0, 0, 0, 0, 0, 0, 0, 0, 0, 0, 0, 0, 0, 0, 0, 0, 0, 0, 1, 0, 0, 1, 1, 1, 3, 2, 2, 5, 3, 3, 3, 0, 1, 1, 1, 1, 0, 2, 3, 5, 5, 3, 2]",3.7916666666666665,2.692259996525018,11,0,"[1.0, 1.0, 1.0, 1.0, 1.0, 1.0, 1.0, 1.0, 1.0, 1.0, 1.0, 1.0, 1.0, 1.0, 1.0, 1.0, 2.0, 1.0, 1.0, 1.0, 2.0, 1.0, 1.0, 1.0, 1.0, 1.0, 1.0, 1.0, 2.0, 2.0, 1.0, 1.0, 2.0, 2.0, 2.0, 1.0, 1.0, 1.0, 1.0, 1.0, 1.0, 2.0, 1.0, 1.0, 1.0, 2.0, 2.0, 2.0, 1.0, 2.0, 2.0, 1.0]",0.5516395509641923,2.0,3.0,1.8333333333333333,5.0,3.6666666666666665,4.5
73,datadriven,0,Male,79,11.285714285714286,0,75,0.050632911392405,"[17, 20, 20, 17, 12, 11, 8, 13, 13, 19, 21, 16, 15, 13, 8, 11, 10, 3, 10, 7, 7, 7, 2, 5]",11.875,5.333170570433064,21,2,"[0, 0, 0, 0, 0, 0, 0, 0, 0, 0, 0, 0, 0, 0, 0, 0, 0, 0, 0, 0, 0, 0, 0, 0]","[16, 19, 20, 17, 12, 11, 6, 11, 10, 16, 20, 15, 15, 13, 8, 11, 10, 3, 10, 7, 7, 7, 2, 5]","[1, 1, 0, 0, 0, 0, 2, 2, 3, 3, 1, 1, 0, 0, 0, 0, 0, 0, 0, 0, 0, 0, 0, 0]",50,14.285714285714286,0,41,0.18,"[10, 9, 12, 15, 18, 15, 17, 18, 20, 21]",15.5,3.879432948254165,21,9,"[0, 0, 0, 0, 0, 0, 0, 0, 0, 0]","[7, 8, 12, 13, 16, 13, 11, 14, 16, 17]","[3, 1, 0, 2, 2, 2, 6, 4, 4, 4]",129,12.285714285714286,0,116,0.230632911392405,"[17, 20, 20, 17, 12, 11, 8, 13, 13, 19, 21, 16, 15, 13, 8, 11, 10, 3, 10, 7, 7, 7, 2, 5, 10, 9, 12, 15, 18, 15, 17, 18, 20, 21]","[0, 0, 0, 0, 0, 0, 0, 0, 0, 0, 0, 0, 0, 0, 0, 0, 0, 0, 0, 0, 0, 0, 0, 0, 0, 0, 0, 0, 0, 0, 0, 0, 0, 0]","[16, 19, 20, 17, 12, 11, 6, 11, 10, 16, 20, 15, 15, 13, 8, 11, 10, 3, 10, 7, 7, 7, 2, 5, 7, 8, 12, 13, 16, 13, 11, 14, 16, 17]","[1, 1, 0, 0, 0, 0, 2, 2, 3, 3, 1, 1, 0, 0, 0, 0, 0, 0, 0, 0, 0, 0, 0, 0, 3, 1, 0, 2, 2, 2, 6, 4, 4, 4]",12.941176470588236,5.218412968521617,21,2,"[1.0, 2.0, 1.0, 1.0, 1.0, 1.0, 1.0, 1.0, 1.0, 1.0, 1.0, 1.0, 1.0, 1.0, 1.0, 1.0, 1.0, 1.0, 1.0, 1.0, 1.0, 1.0, 1.0, 1.0, 1.0, 1.0, 1.0, 1.0, 1.0, 1.0, 1.0, 1.0, 1.0, 2.0, 2.0, 1.0, 1.0, 1.0, 1.0, 1.0, 1.0, 2.0, 1.0, 1.0, 1.0, 1.0, 1.0, 1.0, 1.0, 1.0, 1.0, 1.0, 1.0, 1.0, 1.0, 1.0, 1.0, 1.0, 1.0, 1.0, 1.0, 1.0, 1.0, 1.0, 1.0, 1.0, 1.0, 1.0, 1.0, 1.0, 1.0, 1.0, 1.0, 1.0, 1.0, 1.0, 1.0, 1.0, 1.0, 1.0, 2.0, 2.0, 1.0, 1.0, 2.0, 1.0, 1.0, 1.0, 1.0, 1.0, 1.0, 1.0, 1.0, 1.0, 1.0, 1.0, 1.0, 1.0, 1.0, 2.0, 2.0, 1.0, 1.0, 1.0, 1.0, 1.0, 1.0, 1.0, 2.0, 2.0, 2.0, 1.0, 2.0, 1.0, 1.0, 1.0, 1.0, 1.0, 1.0, 1.0, 1.0, 1.0, 1.0, 1.0, 1.0, 1.0, 1.0, 1.0, 1.0]",3.096674384263844,4.8,3.0,3.6666666666666665,5.0,6.166666666666667,1.0
74,datadriven,0,Female,26,3.7142857142857135,0,22,0.1538461538461538,"[7, 4, 4, 3, 2, 1, 1, 0, 1, 5, 9, 9, 8, 5, 3, 4, 6, 5, 3, 2, 0, 0, 0, 0]",3.4166666666666665,2.827199242281229,9,0,"[0, 0, 0, 0, 0, 0, 0, 0, 0, 0, 0, 0, 0, 0, 0, 0, 0, 0, 0, 0, 0, 0, 0, 0]","[7, 4, 4, 3, 2, 1, 1, 0, 1, 5, 9, 9, 8, 5, 1, 2, 4, 3, 3, 2, 0, 0, 0, 0]","[0, 0, 0, 0, 0, 0, 0, 0, 0, 0, 0, 0, 0, 0, 2, 2, 2, 2, 0, 0, 0, 0, 0, 0]",30,5.357142857142858,0,27,0.1,"[5, 9, 5, 6, 6, 1, 1, 1, 1, 4, 6, 7, 10, 7, 5, 3, 3, 7, 7]",4.947368421052632,2.645227762764013,10,1,"[0, 0, 0, 0, 0, 0, 0, 0, 0, 0, 0, 0, 0, 0, 0, 0, 0, 0, 0]","[5, 7, 3, 3, 3, 0, 0, 1, 1, 4, 6, 7, 10, 7, 5, 3, 3, 7, 7]","[0, 2, 2, 3, 3, 1, 1, 0, 0, 0, 0, 0, 0, 0, 0, 0, 0, 0, 0]",56,4.444444444444445,0,49,0.2538461538461538,"[7, 4, 4, 3, 2, 1, 1, 0, 1, 5, 9, 9, 8, 5, 3, 4, 6, 5, 3, 2, 0, 0, 0, 0, 5, 9, 5, 6, 6, 1, 1, 1, 1, 4, 6, 7, 10, 7, 5, 3, 3, 7, 7]","[0, 0, 0, 0, 0, 0, 0, 0, 0, 0, 0, 0, 0, 0, 0, 0, 0, 0, 0, 0, 0, 0, 0, 0, 0, 0, 0, 0, 0, 0, 0, 0, 0, 0, 0, 0, 0, 0, 0, 0, 0, 0, 0]","[7, 4, 4, 3, 2, 1, 1, 0, 1, 5, 9, 9, 8, 5, 1, 2, 4, 3, 3, 2, 0, 0, 0, 0, 5, 7, 3, 3, 3, 0, 0, 1, 1, 4, 6, 7, 10, 7, 5, 3, 3, 7, 7]","[0, 0, 0, 0, 0, 0, 0, 0, 0, 0, 0, 0, 0, 0, 2, 2, 2, 2, 0, 0, 0, 0, 0, 0, 0, 2, 2, 3, 3, 1, 1, 0, 0, 0, 0, 0, 0, 0, 0, 0, 0, 0, 0]",4.093023255813954,2.851470069560384,10,0,"[1.0, 1.0, 1.0, 1.0, 1.0, 1.0, 1.0, 1.0, 1.0, 1.0, 1.0, 1.0, 1.0, 1.0, 1.0, 1.0, 1.0, 1.0, 1.0, 2.0, 2.0, 1.0, 1.0, 1.0, 2.0, 2.0, 1.0, 1.0, 1.0, 1.0, 1.0, 2.0, 2.0, 1.0, 1.0, 1.0, 2.0, 1.0, 1.0, 1.0, 1.0, 1.0, 1.0, 1.0, 1.0, 1.0, 1.0, 1.0, 1.0, 1.0, 1.0, 1.0, 1.0, 1.0, 1.0, 1.0]",3.302082868547063,3.4,3.75,2.6666666666666665,7.333333333333333,5.333333333333333,2.833333333333333
75,datadriven,0,Male,61,8.714285714285714,0,51,0.1639344262295081,"[5, 9, 14, 23, 20, 16, 11, 2, 0, 2, 10, 10, 10, 8, 1, 6, 9, 12, 11, 6, 3, 7, 12, 14]",9.208333333333334,5.634559777736756,23,0,"[0, 0, 0, 0, 0, 0, 0, 0, 0, 0, 0, 0, 0, 0, 0, 0, 0, 0, 0, 0, 0, 0, 0, 0]","[5, 9, 14, 20, 17, 13, 8, 2, 0, 2, 10, 10, 10, 8, 0, 1, 4, 7, 7, 6, 3, 5, 10, 12]","[0, 0, 0, 3, 3, 3, 3, 0, 0, 0, 0, 0, 0, 0, 1, 5, 5, 5, 4, 0, 0, 2, 2, 2]",18,2.7,0,18,0.0,"[5, 5, 4, 1, 1, 1, 2, 1, 1, 6, 5, 5, 5, 2, 3, 3, 4, 2, 1, 1, 0, 0, 1]",2.565217391304348,1.8609508312202347,6,0,"[0, 0, 0, 0, 0, 0, 0, 0, 0, 0, 0, 0, 0, 0, 0, 0, 0, 0, 0, 0, 0, 0, 0]","[5, 5, 4, 1, 1, 1, 2, 1, 1, 6, 5, 5, 5, 2, 3, 3, 4, 2, 1, 1, 0, 0, 1]","[0, 0, 0, 0, 0, 0, 0, 0, 0, 0, 0, 0, 0, 0, 0, 0, 0, 0, 0, 0, 0, 0, 0]",79,5.7804878048780495,0,69,0.1639344262295081,"[5, 9, 14, 23, 20, 16, 11, 2, 0, 2, 10, 10, 10, 8, 1, 6, 9, 12, 11, 6, 3, 7, 12, 14, 5, 5, 4, 1, 1, 1, 2, 1, 1, 6, 5, 5, 5, 2, 3, 3, 4, 2, 1, 1, 0, 0, 1]","[0, 0, 0, 0, 0, 0, 0, 0, 0, 0, 0, 0, 0, 0, 0, 0, 0, 0, 0, 0, 0, 0, 0, 0, 0, 0, 0, 0, 0, 0, 0, 0, 0, 0, 0, 0, 0, 0, 0, 0, 0, 0, 0, 0, 0, 0, 0]","[5, 9, 14, 20, 17, 13, 8, 2, 0, 2, 10, 10, 10, 8, 0, 1, 4, 7, 7, 6, 3, 5, 10, 12, 5, 5, 4, 1, 1, 1, 2, 1, 1, 6, 5, 5, 5, 2, 3, 3, 4, 2, 1, 1, 0, 0, 1]","[0, 0, 0, 3, 3, 3, 3, 0, 0, 0, 0, 0, 0, 0, 1, 5, 5, 5, 4, 0, 0, 2, 2, 2, 0, 0, 0, 0, 0, 0, 0, 0, 0, 0, 0, 0, 0, 0, 0, 0, 0, 0, 0, 0, 0, 0, 0]",5.957446808510638,5.379066781390619,23,0,"[1.0, 1.0, 1.0, 1.0, 1.0, 1.0, 1.0, 1.0, 1.0, 1.0, 1.0, 1.0, 1.0, 1.0, 2.0, 2.0, 2.0, 1.0, 1.0, 1.0, 1.0, 1.0, 1.0, 1.0, 1.0, 1.0, 1.0, 1.0, 1.0, 1.0, 1.0, 1.0, 1.0, 1.0, 1.0, 2.0, 2.0, 2.0, 2.0, 2.0, 1.0, 1.0, 1.0, 1.0, 1.0, 1.0, 1.0, 2.0, 2.0, 1.0, 1.0, 1.0, 1.0, 1.0, 1.0, 1.0, 1.0, 1.0, 1.0, 1.0, 1.0, 1.0, 1.0, 1.0, 1.0, 1.0, 1.0, 1.0, 1.0, 1.0, 1.0, 1.0, 1.0, 1.0, 1.0, 1.0, 1.0, 1.0, 1.0]",7.530498060380557,3.6,2.5,2.1666666666666665,4.166666666666667,3.333333333333333,2.1666666666666665
76,datadriven,0,Male,21,3.0,0,18,0.1428571428571428,"[2, 2, 3, 2, 2, 4, 4, 5, 6, 4, 2, 1, 1, 3, 4, 9, 8, 7, 7, 2, 2, 1, 0, 0]",3.375,2.446298223847616,9,0,"[0, 0, 0, 0, 0, 0, 0, 0, 0, 0, 0, 0, 0, 0, 0, 0, 0, 0, 0, 0, 0, 0, 0, 0]","[2, 2, 3, 2, 2, 2, 2, 3, 4, 4, 2, 1, 1, 3, 4, 8, 7, 6, 6, 2, 2, 1, 0, 0]","[0, 0, 0, 0, 0, 2, 2, 2, 2, 0, 0, 0, 0, 0, 0, 1, 1, 1, 1, 0, 0, 0, 0, 0]",23,3.309352517985612,0,21,0.0869565217391304,"[10, 10, 6, 4, 1, 0, 0, 0, 0, 0, 1, 4, 6, 7, 9, 6, 4, 4, 1, 1, 2, 1, 1, 1]",3.2916666666666665,3.2465259209739195,10,0,"[0, 0, 0, 0, 0, 0, 0, 0, 0, 0, 0, 0, 0, 0, 0, 0, 0, 0, 0, 0, 0, 0, 0, 0]","[9, 10, 6, 4, 1, 0, 0, 0, 0, 0, 1, 3, 5, 6, 8, 6, 4, 4, 1, 1, 2, 1, 1, 1]","[1, 0, 0, 0, 0, 0, 0, 0, 0, 0, 0, 1, 1, 1, 1, 0, 0, 0, 0, 0, 0, 0, 0, 0]",44,3.154121863799283,0,39,0.2298136645962732,"[2, 2, 3, 2, 2, 4, 4, 5, 6, 4, 2, 1, 1, 3, 4, 9, 8, 7, 7, 2, 2, 1, 0, 0, 10, 10, 6, 4, 1, 0, 0, 0, 0, 0, 1, 4, 6, 7, 9, 6, 4, 4, 1, 1, 2, 1, 1, 1]","[0, 0, 0, 0, 0, 0, 0, 0, 0, 0, 0, 0, 0, 0, 0, 0, 0, 0, 0, 0, 0, 0, 0, 0, 0, 0, 0, 0, 0, 0, 0, 0, 0, 0, 0, 0, 0, 0, 0, 0, 0, 0, 0, 0, 0, 0, 0, 0]","[2, 2, 3, 2, 2, 2, 2, 3, 4, 4, 2, 1, 1, 3, 4, 8, 7, 6, 6, 2, 2, 1, 0, 0, 9, 10, 6, 4, 1, 0, 0, 0, 0, 0, 1, 3, 5, 6, 8, 6, 4, 4, 1, 1, 2, 1, 1, 1]","[0, 0, 0, 0, 0, 2, 2, 2, 2, 0, 0, 0, 0, 0, 0, 1, 1, 1, 1, 0, 0, 0, 0, 0, 1, 0, 0, 0, 0, 0, 0, 0, 0, 0, 0, 1, 1, 1, 1, 0, 0, 0, 0, 0, 0, 0, 0, 0]",3.333333333333333,2.874698051776724,10,0,"[1.0, 1.0, 1.0, 1.0, 2.0, 2.0, 1.0, 1.0, 1.0, 1.0, 1.0, 1.0, 1.0, 1.0, 1.0, 1.0, 1.0, 1.0, 2.0, 1.0, 1.0, 2.0, 1.0, 1.0, 1.0, 1.0, 1.0, 1.0, 1.0, 1.0, 1.0, 1.0, 1.0, 2.0, 1.0, 1.0, 1.0, 1.0, 1.0, 1.0, 1.0, 1.0, 1.0, 1.0]",2.0586432333323392,2.2,2.0,1.5,5.5,4.833333333333333,2.1666666666666665
77,datadriven,0,Male,27,3.857142857142857,0,27,0.0,"[0, 1, 2, 2, 2, 1, 1, 1, 2, 2, 2, 7, 9, 11, 10, 5, 2, 1, 1, 3, 3, 2, 5, 7]",3.4166666666666665,3.0675270532176606,11,0,"[0, 0, 0, 0, 0, 0, 0, 0, 0, 0, 0, 0, 0, 0, 0, 0, 0, 0, 0, 0, 0, 0, 0, 0]","[0, 1, 2, 2, 2, 1, 1, 1, 2, 2, 2, 7, 9, 11, 10, 5, 2, 1, 1, 3, 3, 2, 5, 7]","[0, 0, 0, 0, 0, 0, 0, 0, 0, 0, 0, 0, 0, 0, 0, 0, 0, 0, 0, 0, 0, 0, 0, 0]",39,5.571428571428571,0,30,0.2307692307692307,"[4, 3, 4, 4, 2, 3, 2, 3, 3, 2, 3, 2, 8, 13, 19, 20, 14, 10, 5, 4, 4, 4, 3, 3]",5.916666666666667,5.203497755249721,20,2,"[0, 0, 0, 0, 0, 0, 0, 0, 0, 0, 0, 0, 0, 0, 0, 0, 0, 0, 0, 0, 0, 0, 0, 0]","[3, 3, 4, 4, 2, 3, 2, 3, 3, 2, 3, 2, 6, 11, 14, 15, 11, 6, 4, 3, 3, 4, 3, 1]","[1, 0, 0, 0, 0, 0, 0, 0, 0, 0, 0, 0, 2, 2, 5, 5, 3, 4, 1, 1, 1, 0, 0, 2]",66,4.714285714285714,0,57,0.2307692307692307,"[0, 1, 2, 2, 2, 1, 1, 1, 2, 2, 2, 7, 9, 11, 10, 5, 2, 1, 1, 3, 3, 2, 5, 7, 4, 3, 4, 4, 2, 3, 2, 3, 3, 2, 3, 2, 8, 13, 19, 20, 14, 10, 5, 4, 4, 4, 3, 3]","[0, 0, 0, 0, 0, 0, 0, 0, 0, 0, 0, 0, 0, 0, 0, 0, 0, 0, 0, 0, 0, 0, 0, 0, 0, 0, 0, 0, 0, 0, 0, 0, 0, 0, 0, 0, 0, 0, 0, 0, 0, 0, 0, 0, 0, 0, 0, 0]","[0, 1, 2, 2, 2, 1, 1, 1, 2, 2, 2, 7, 9, 11, 10, 5, 2, 1, 1, 3, 3, 2, 5, 7, 3, 3, 4, 4, 2, 3, 2, 3, 3, 2, 3, 2, 6, 11, 14, 15, 11, 6, 4, 3, 3, 4, 3, 1]","[0, 0, 0, 0, 0, 0, 0, 0, 0, 0, 0, 0, 0, 0, 0, 0, 0, 0, 0, 0, 0, 0, 0, 0, 1, 0, 0, 0, 0, 0, 0, 0, 0, 0, 0, 0, 2, 2, 5, 5, 3, 4, 1, 1, 1, 0, 0, 2]",4.666666666666667,4.4503433076062295,20,0,"[1.0, 1.0, 1.0, 1.0, 1.0, 1.0, 1.0, 1.0, 1.0, 1.0, 1.0, 1.0, 1.0, 1.0, 1.0, 1.0, 1.0, 1.0, 1.0, 1.0, 1.0, 1.0, 1.0, 1.0, 1.0, 1.0, 1.0, 2.0, 1.0, 1.0, 1.0, 1.0, 1.0, 1.0, 1.0, 1.0, 1.0, 1.0, 1.0, 1.0, 1.0, 2.0, 2.0, 1.0, 1.0, 1.0, 1.0, 1.0, 1.0, 1.0, 1.0, 2.0, 2.0, 2.0, 1.0, 1.0, 1.0, 1.0, 2.0, 1.0, 1.0, 1.0, 1.0, 2.0, 2.0, 1.0]",1.157557285211687,3.2,3.5,2.833333333333333,3.1666666666666665,4.5,3.1666666666666665
78,datadriven,0,Male,65,9.285714285714286,0,59,0.0923076923076923,"[7, 5, 6, 6, 4, 3, 4, 3, 4, 6, 7, 8, 10, 16, 14, 15, 14, 11, 15, 14, 12, 11, 7, 7]",8.708333333333334,4.178109287970125,16,3,"[0, 0, 0, 0, 0, 0, 0, 0, 0, 0, 0, 0, 0, 0, 0, 0, 0, 0, 0, 0, 0, 0, 0, 0]","[7, 5, 6, 4, 2, 1, 2, 3, 4, 6, 7, 8, 10, 16, 14, 15, 14, 11, 15, 14, 12, 8, 4, 3]","[0, 0, 0, 2, 2, 2, 2, 0, 0, 0, 0, 0, 0, 0, 0, 0, 0, 0, 0, 0, 0, 3, 3, 4]",8,2.807017543859649,0,7,0.125,"[5, 5, 4, 4, 0, 0, 0, 3]",2.625,2.117634293262177,5,0,"[0, 0, 0, 0, 0, 0, 0, 0]","[5, 5, 4, 4, 0, 0, 0, 2]","[0, 0, 0, 0, 0, 0, 0, 1]",73,7.411167512690356,0,66,0.2173076923076923,"[7, 5, 6, 6, 4, 3, 4, 3, 4, 6, 7, 8, 10, 16, 14, 15, 14, 11, 15, 14, 12, 11, 7, 7, 5, 5, 4, 4, 0, 0, 0, 3]","[0, 0, 0, 0, 0, 0, 0, 0, 0, 0, 0, 0, 0, 0, 0, 0, 0, 0, 0, 0, 0, 0, 0, 0, 0, 0, 0, 0, 0, 0, 0, 0]","[7, 5, 6, 4, 2, 1, 2, 3, 4, 6, 7, 8, 10, 16, 14, 15, 14, 11, 15, 14, 12, 8, 4, 3, 5, 5, 4, 4, 0, 0, 0, 2]","[0, 0, 0, 2, 2, 2, 2, 0, 0, 0, 0, 0, 0, 0, 0, 0, 0, 0, 0, 0, 0, 3, 3, 4, 0, 0, 0, 0, 0, 0, 0, 1]",7.1875,4.599167723621307,16,0,"[1.0, 1.0, 1.0, 1.0, 1.0, 1.0, 1.0, 1.0, 2.0, 2.0, 1.0, 1.0, 1.0, 1.0, 1.0, 1.0, 1.0, 1.0, 1.0, 1.0, 1.0, 1.0, 1.0, 1.0, 1.0, 1.0, 1.0, 1.0, 1.0, 1.0, 1.0, 1.0, 1.0, 1.0, 1.0, 1.0, 1.0, 1.0, 1.0, 1.0, 1.0, 1.0, 1.0, 1.0, 1.0, 1.0, 1.0, 1.0, 1.0, 1.0, 1.0, 1.0, 2.0, 2.0, 2.0, 2.0, 1.0, 1.0, 1.0, 1.0, 1.0, 1.0, 1.0, 1.0, 1.0, 1.0, 1.0, 1.0, 1.0, 1.0, 2.0, 1.0, 1.0]",5.23465607290295,1.8,3.25,2.333333333333333,5.833333333333333,2.5,6.5
79,datadriven,0,Female,21,3.0,0,21,0.0,"[0, 2, 2, 3, 3, 1, 1, 0, 0, 2, 6, 12, 14, 12, 8, 2, 0, 1, 2, 2, 2, 1, 0, 0]",3.1666666666666665,4.0483192671637065,14,0,"[0, 0, 0, 0, 0, 0, 0, 0, 0, 0, 0, 0, 0, 0, 0, 0, 0, 0, 0, 0, 0, 0, 0, 0]","[0, 2, 2, 3, 3, 1, 1, 0, 0, 2, 6, 12, 14, 12, 8, 2, 0, 1, 2, 2, 2, 1, 0, 0]","[0, 0, 0, 0, 0, 0, 0, 0, 0, 0, 0, 0, 0, 0, 0, 0, 0, 0, 0, 0, 0, 0, 0, 0]",25,3.571428571428572,0,25,0.0,"[8, 6, 2, 1, 1, 2, 1, 4, 6, 5, 5, 2, 0, 0, 2, 3, 3, 5, 3, 2, 4, 2, 3, 5]",3.125,2.0064998546390846,8,0,"[0, 0, 0, 0, 0, 0, 0, 0, 0, 0, 0, 0, 0, 0, 0, 0, 0, 0, 0, 0, 0, 0, 0, 0]","[8, 6, 2, 1, 1, 2, 1, 4, 6, 5, 5, 2, 0, 0, 2, 3, 3, 5, 3, 2, 4, 2, 3, 5]","[0, 0, 0, 0, 0, 0, 0, 0, 0, 0, 0, 0, 0, 0, 0, 0, 0, 0, 0, 0, 0, 0, 0, 0]",46,3.2857142857142856,0,46,0.0,"[0, 2, 2, 3, 3, 1, 1, 0, 0, 2, 6, 12, 14, 12, 8, 2, 0, 1, 2, 2, 2, 1, 0, 0, 8, 6, 2, 1, 1, 2, 1, 4, 6, 5, 5, 2, 0, 0, 2, 3, 3, 5, 3, 2, 4, 2, 3, 5]","[0, 0, 0, 0, 0, 0, 0, 0, 0, 0, 0, 0, 0, 0, 0, 0, 0, 0, 0, 0, 0, 0, 0, 0, 0, 0, 0, 0, 0, 0, 0, 0, 0, 0, 0, 0, 0, 0, 0, 0, 0, 0, 0, 0, 0, 0, 0, 0]","[0, 2, 2, 3, 3, 1, 1, 0, 0, 2, 6, 12, 14, 12, 8, 2, 0, 1, 2, 2, 2, 1, 0, 0, 8, 6, 2, 1, 1, 2, 1, 4, 6, 5, 5, 2, 0, 0, 2, 3, 3, 5, 3, 2, 4, 2, 3, 5]","[0, 0, 0, 0, 0, 0, 0, 0, 0, 0, 0, 0, 0, 0, 0, 0, 0, 0, 0, 0, 0, 0, 0, 0, 0, 0, 0, 0, 0, 0, 0, 0, 0, 0, 0, 0, 0, 0, 0, 0, 0, 0, 0, 0, 0, 0, 0, 0]",3.145833333333333,3.19498032944736,14,0,"[1.0, 1.0, 1.0, 1.0, 1.0, 1.0, 1.0, 1.0, 1.0, 1.0, 1.0, 1.0, 1.0, 1.0, 1.0, 1.0, 1.0, 1.0, 1.0, 1.0, 1.0, 1.0, 1.0, 1.0, 1.0, 1.0, 1.0, 1.0, 1.0, 1.0, 1.0, 1.0, 1.0, 1.0, 1.0, 1.0, 1.0, 1.0, 1.0, 1.0, 1.0, 1.0, 1.0, 1.0, 1.0, 1.0]",1.1686774429379767,1.4,3.5,2.0,3.5,3.6666666666666665,3.1666666666666665
80,datadriven,0,Female,0,0.0,0,0,,"[0, 0, 0, 0, 0, 0, 0, 0, 0, 0, 0, 0, 0, 0, 0, 0, 0, 0, 0, 0, 0, 0, 0, 0]",0.0,0.0,0,0,"[0, 0, 0, 0, 0, 0, 0, 0, 0, 0, 0, 0, 0, 0, 0, 0, 0, 0, 0, 0, 0, 0, 0, 0]","[0, 0, 0, 0, 0, 0, 0, 0, 0, 0, 0, 0, 0, 0, 0, 0, 0, 0, 0, 0, 0, 0, 0, 0]","[0, 0, 0, 0, 0, 0, 0, 0, 0, 0, 0, 0, 0, 0, 0, 0, 0, 0, 0, 0, 0, 0, 0, 0]",1,0.1680672268907563,0,1,0.0,"[0, 0, 0, 0, 0, 0, 0, 0, 0, 0, 0, 0, 0, 0, 0, 0, 0, 0, 0, 1]",0.05,0.2179449471770336,1,0,"[0, 0, 0, 0, 0, 0, 0, 0, 0, 0, 0, 0, 0, 0, 0, 0, 0, 0, 0, 0]","[0, 0, 0, 0, 0, 0, 0, 0, 0, 0, 0, 0, 0, 0, 0, 0, 0, 0, 0, 1]","[0, 0, 0, 0, 0, 0, 0, 0, 0, 0, 0, 0, 0, 0, 0, 0, 0, 0, 0, 0]",1,0.0772200772200772,0,1,,"[0, 0, 0, 0, 0, 0, 0, 0, 0, 0, 0, 0, 0, 0, 0, 0, 0, 0, 0, 0, 0, 0, 0, 0, 0, 0, 0, 0, 0, 0, 0, 0, 0, 0, 0, 0, 0, 0, 0, 0, 0, 0, 0, 1]","[0, 0, 0, 0, 0, 0, 0, 0, 0, 0, 0, 0, 0, 0, 0, 0, 0, 0, 0, 0, 0, 0, 0, 0, 0, 0, 0, 0, 0, 0, 0, 0, 0, 0, 0, 0, 0, 0, 0, 0, 0, 0, 0, 0]","[0, 0, 0, 0, 0, 0, 0, 0, 0, 0, 0, 0, 0, 0, 0, 0, 0, 0, 0, 0, 0, 0, 0, 0, 0, 0, 0, 0, 0, 0, 0, 0, 0, 0, 0, 0, 0, 0, 0, 0, 0, 0, 0, 1]","[0, 0, 0, 0, 0, 0, 0, 0, 0, 0, 0, 0, 0, 0, 0, 0, 0, 0, 0, 0, 0, 0, 0, 0, 0, 0, 0, 0, 0, 0, 0, 0, 0, 0, 0, 0, 0, 0, 0, 0, 0, 0, 0, 0]",0.0227272727272727,0.1490326937341363,1,0,[1.0],0.6380962154272394,4.0,4.5,1.8333333333333333,4.833333333333333,3.5,2.0
81,datadriven,0,Female,19,2.7142857142857144,0,19,0.0,"[1, 3, 4, 7, 7, 5, 3, 0, 0, 0, 0, 0, 0, 0, 2, 10, 10, 10, 9, 1, 1, 1, 0, 0]",3.083333333333333,3.6391009268163415,10,0,"[0, 0, 0, 0, 0, 0, 0, 0, 0, 0, 0, 0, 0, 0, 0, 0, 0, 0, 0, 0, 0, 0, 0, 0]","[1, 3, 4, 7, 7, 5, 3, 0, 0, 0, 0, 0, 0, 0, 2, 10, 10, 10, 9, 1, 1, 1, 0, 0]","[0, 0, 0, 0, 0, 0, 0, 0, 0, 0, 0, 0, 0, 0, 0, 0, 0, 0, 0, 0, 0, 0, 0, 0]",7,1.5384615384615383,0,7,0.0,"[0, 0, 0, 1, 1, 1, 1, 1, 1, 2, 4, 3, 5, 4, 2]",1.7333333333333334,1.5260697523012796,5,0,"[0, 0, 0, 0, 0, 0, 0, 0, 0, 0, 0, 0, 0, 0, 0]","[0, 0, 0, 1, 1, 1, 1, 1, 1, 2, 4, 3, 5, 4, 2]","[0, 0, 0, 0, 0, 0, 0, 0, 0, 0, 0, 0, 0, 0, 0]",26,2.251082251082251,0,26,0.0,"[1, 3, 4, 7, 7, 5, 3, 0, 0, 0, 0, 0, 0, 0, 2, 10, 10, 10, 9, 1, 1, 1, 0, 0, 0, 0, 0, 1, 1, 1, 1, 1, 1, 2, 4, 3, 5, 4, 2]","[0, 0, 0, 0, 0, 0, 0, 0, 0, 0, 0, 0, 0, 0, 0, 0, 0, 0, 0, 0, 0, 0, 0, 0, 0, 0, 0, 0, 0, 0, 0, 0, 0, 0, 0, 0, 0, 0, 0]","[1, 3, 4, 7, 7, 5, 3, 0, 0, 0, 0, 0, 0, 0, 2, 10, 10, 10, 9, 1, 1, 1, 0, 0, 0, 0, 0, 1, 1, 1, 1, 1, 1, 2, 4, 3, 5, 4, 2]","[0, 0, 0, 0, 0, 0, 0, 0, 0, 0, 0, 0, 0, 0, 0, 0, 0, 0, 0, 0, 0, 0, 0, 0, 0, 0, 0, 0, 0, 0, 0, 0, 0, 0, 0, 0, 0, 0, 0]",2.5641025641025643,3.078418440050785,10,0,"[1.0, 1.0, 1.0, 1.0, 1.0, 1.0, 1.0, 1.0, 1.0, 1.0, 1.0, 1.0, 1.0, 1.0, 1.0, 1.0, 1.0, 1.0, 1.0, 1.0, 1.0, 1.0, 1.0, 1.0, 1.0, 1.0]",0.8114996108225228,3.0,3.0,2.0,3.1666666666666665,1.1666666666666667,1.3333333333333333
82,datadriven,1,Male,22,3.142857142857143,0,22,0.0,"[2, 2, 4, 5, 3, 4, 2, 2, 2, 1, 1, 6, 6, 6, 7, 1, 1, 3, 5, 5, 8, 6, 3, 3]",3.6666666666666665,2.0548046676563256,8,1,"[0, 0, 0, 0, 0, 0, 0, 0, 0, 0, 0, 0, 0, 0, 0, 0, 0, 0, 0, 0, 0, 0, 0, 0]","[2, 2, 4, 5, 3, 4, 2, 2, 2, 1, 1, 6, 6, 6, 7, 1, 1, 3, 5, 5, 8, 6, 3, 3]","[0, 0, 0, 0, 0, 0, 0, 0, 0, 0, 0, 0, 0, 0, 0, 0, 0, 0, 0, 0, 0, 0, 0, 0]",28,4.0,0,23,0.1785714285714285,"[7, 6, 5, 5, 3, 3, 0, 0, 0, 0, 0, 1, 1, 2, 4, 3, 5, 4, 5, 7, 5, 5, 2, 3]",3.1666666666666665,2.2484562605386733,7,0,"[0, 0, 0, 0, 0, 0, 0, 0, 0, 0, 0, 0, 0, 0, 0, 0, 0, 0, 0, 0, 0, 0, 0, 0]","[3, 2, 4, 4, 3, 3, 0, 0, 0, 0, 0, 0, 0, 1, 3, 3, 5, 4, 5, 7, 5, 5, 2, 3]","[4, 4, 1, 1, 0, 0, 0, 0, 0, 0, 0, 1, 1, 1, 1, 0, 0, 0, 0, 0, 0, 0, 0, 0]",50,3.571428571428572,0,45,0.1785714285714285,"[2, 2, 4, 5, 3, 4, 2, 2, 2, 1, 1, 6, 6, 6, 7, 1, 1, 3, 5, 5, 8, 6, 3, 3, 7, 6, 5, 5, 3, 3, 0, 0, 0, 0, 0, 1, 1, 2, 4, 3, 5, 4, 5, 7, 5, 5, 2, 3]","[0, 0, 0, 0, 0, 0, 0, 0, 0, 0, 0, 0, 0, 0, 0, 0, 0, 0, 0, 0, 0, 0, 0, 0, 0, 0, 0, 0, 0, 0, 0, 0, 0, 0, 0, 0, 0, 0, 0, 0, 0, 0, 0, 0, 0, 0, 0, 0]","[2, 2, 4, 5, 3, 4, 2, 2, 2, 1, 1, 6, 6, 6, 7, 1, 1, 3, 5, 5, 8, 6, 3, 3, 3, 2, 4, 4, 3, 3, 0, 0, 0, 0, 0, 0, 0, 1, 3, 3, 5, 4, 5, 7, 5, 5, 2, 3]","[0, 0, 0, 0, 0, 0, 0, 0, 0, 0, 0, 0, 0, 0, 0, 0, 0, 0, 0, 0, 0, 0, 0, 0, 4, 4, 1, 1, 0, 0, 0, 0, 0, 0, 0, 1, 1, 1, 1, 0, 0, 0, 0, 0, 0, 0, 0, 0]",3.4166666666666665,2.168268638542948,8,0,"[1.0, 1.0, 1.0, 1.0, 1.0, 1.0, 1.0, 1.0, 1.0, 1.0, 1.0, 1.0, 1.0, 1.0, 1.0, 1.0, 1.0, 1.0, 1.0, 1.0, 1.0, 1.0, 1.0, 2.0, 2.0, 2.0, 1.0, 2.0, 1.0, 1.0, 1.0, 1.0, 2.0, 1.0, 1.0, 1.0, 1.0, 1.0, 1.0, 1.0, 1.0, 1.0, 1.0, 1.0, 1.0, 1.0, 1.0, 1.0, 1.0, 1.0]",0.8380849270952618,3.0,2.5,2.1666666666666665,5.5,4.166666666666667,2.333333333333333
83,datadriven,1,Male,19,6.826347305389222,0,15,0.2105263157894736,"[2, 3, 10, 13, 14, 13, 7, 6]",8.5,4.387482193696061,14,2,"[0, 0, 0, 0, 0, 0, 0, 0]","[0, 1, 8, 11, 14, 13, 7, 4]","[2, 2, 2, 2, 0, 0, 0, 2]",41,5.857142857142857,0,36,0.1219512195121951,"[1, 1, 2, 2, 3, 3, 1, 1, 3, 3, 8, 8, 5, 10, 5, 5, 6, 1, 4, 4, 8, 14, 14, 18]",5.416666666666667,4.545296714431547,18,1,"[0, 0, 0, 0, 0, 0, 0, 0, 0, 0, 0, 0, 0, 0, 0, 0, 0, 0, 0, 0, 0, 0, 0, 0]","[1, 1, 2, 2, 3, 3, 1, 1, 3, 3, 3, 3, 0, 5, 5, 5, 6, 1, 4, 4, 8, 14, 14, 18]","[0, 0, 0, 0, 0, 0, 0, 0, 0, 0, 5, 5, 5, 5, 0, 0, 0, 0, 0, 0, 0, 0, 0, 0]",60,6.132879045996593,0,51,0.3324775353016688,"[2, 3, 10, 13, 14, 13, 7, 6, 1, 1, 2, 2, 3, 3, 1, 1, 3, 3, 8, 8, 5, 10, 5, 5, 6, 1, 4, 4, 8, 14, 14, 18]","[0, 0, 0, 0, 0, 0, 0, 0, 0, 0, 0, 0, 0, 0, 0, 0, 0, 0, 0, 0, 0, 0, 0, 0, 0, 0, 0, 0, 0, 0, 0, 0]","[0, 1, 8, 11, 14, 13, 7, 4, 1, 1, 2, 2, 3, 3, 1, 1, 3, 3, 3, 3, 0, 5, 5, 5, 6, 1, 4, 4, 8, 14, 14, 18]","[2, 2, 2, 2, 0, 0, 0, 2, 0, 0, 0, 0, 0, 0, 0, 0, 0, 0, 5, 5, 5, 5, 0, 0, 0, 0, 0, 0, 0, 0, 0, 0]",6.1875,4.699983377630181,18,1,"[2.0, 2.0, 1.0, 1.0, 1.0, 1.0, 1.0, 1.0, 1.0, 1.0, 1.0, 1.0, 1.0, 1.0, 1.0, 1.0, 1.0, 2.0, 2.0, 1.0, 1.0, 1.0, 1.0, 1.0, 1.0, 1.0, 2.0, 2.0, 2.0, 2.0, 2.0, 1.0, 1.0, 1.0, 1.0, 1.0, 1.0, 1.0, 1.0, 1.0, 1.0, 1.0, 1.0, 1.0, 1.0, 1.0, 1.0, 1.0, 1.0, 1.0, 1.0, 1.0, 1.0, 1.0, 1.0, 1.0, 1.0, 1.0, 1.0, 1.0]",0.7538722941608966,3.6,4.25,2.5,3.5,3.0,3.0
84,datadriven,1,Female,1,0.3225806451612903,0,0,1.0,"[1, 1, 1, 0, 0, 0, 0, 0, 0]",0.3333333333333333,0.4714045207910317,1,0,"[0, 0, 0, 0, 0, 0, 0, 0, 0]","[0, 0, 0, 0, 0, 0, 0, 0, 0]","[1, 1, 1, 0, 0, 0, 0, 0, 0]",10,1.4285714285714286,0,9,0.1,"[1, 1, 1, 1, 2, 3, 3, 2, 1, 0, 2, 2, 2, 2, 0, 0, 0, 0, 2, 2, 3, 3, 2, 2]",1.5416666666666667,0.9991315673568164,3,0,"[0, 0, 0, 0, 0, 0, 0, 0, 0, 0, 0, 0, 0, 0, 0, 0, 0, 0, 0, 0, 0, 0, 0, 0]","[1, 1, 1, 0, 1, 2, 2, 2, 1, 0, 2, 2, 2, 2, 0, 0, 0, 0, 2, 2, 3, 3, 2, 2]","[0, 0, 0, 1, 1, 1, 1, 0, 0, 0, 0, 0, 0, 0, 0, 0, 0, 0, 0, 0, 0, 0, 0, 0]",11,1.0891089108910892,0,9,1.1,"[1, 1, 1, 0, 0, 0, 0, 0, 0, 1, 1, 1, 1, 2, 3, 3, 2, 1, 0, 2, 2, 2, 2, 0, 0, 0, 0, 2, 2, 3, 3, 2, 2]","[0, 0, 0, 0, 0, 0, 0, 0, 0, 0, 0, 0, 0, 0, 0, 0, 0, 0, 0, 0, 0, 0, 0, 0, 0, 0, 0, 0, 0, 0, 0, 0, 0]","[0, 0, 0, 0, 0, 0, 0, 0, 0, 1, 1, 1, 0, 1, 2, 2, 2, 1, 0, 2, 2, 2, 2, 0, 0, 0, 0, 2, 2, 3, 3, 2, 2]","[1, 1, 1, 0, 0, 0, 0, 0, 0, 0, 0, 0, 1, 1, 1, 1, 0, 0, 0, 0, 0, 0, 0, 0, 0, 0, 0, 0, 0, 0, 0, 0, 0]",1.2121212121212122,1.0374086526438602,3,0,"[2.0, 1.0, 2.0, 1.0, 1.0, 1.0, 1.0, 1.0, 1.0, 1.0, 1.0]",0.9935797796352366,3.8,3.0,2.6666666666666665,6.666666666666667,4.333333333333333,2.5
85,datadriven,1,Female,8,2.1238938053097347,0,8,0.0,"[0, 1, 2, 2, 3, 3, 2, 2, 2, 3, 3, 4]",2.25,1.0103629710818451,4,0,"[0, 0, 0, 0, 0, 0, 0, 0, 0, 0, 0, 0]","[0, 1, 2, 2, 3, 3, 2, 2, 2, 3, 3, 4]","[0, 0, 0, 0, 0, 0, 0, 0, 0, 0, 0, 0]",16,2.2857142857142856,0,11,0.3125,"[5, 5, 1, 1, 0, 0, 1, 2, 3, 5, 4, 3, 2, 3, 3, 3, 3, 0, 1, 1, 1, 2, 2, 2]",2.208333333333333,1.4994211846205483,5,0,"[0, 0, 0, 0, 0, 0, 0, 0, 0, 0, 0, 0, 0, 0, 0, 0, 0, 0, 0, 0, 0, 0, 0, 0]","[4, 4, 0, 0, 0, 0, 1, 2, 2, 4, 3, 2, 2, 0, 0, 0, 0, 0, 1, 1, 1, 2, 2, 2]","[1, 1, 1, 1, 0, 0, 0, 0, 1, 1, 1, 1, 0, 3, 3, 3, 3, 0, 0, 0, 0, 0, 0, 0]",24,2.2291021671826625,0,19,0.3125,"[0, 1, 2, 2, 3, 3, 2, 2, 2, 3, 3, 4, 5, 5, 1, 1, 0, 0, 1, 2, 3, 5, 4, 3, 2, 3, 3, 3, 3, 0, 1, 1, 1, 2, 2, 2]","[0, 0, 0, 0, 0, 0, 0, 0, 0, 0, 0, 0, 0, 0, 0, 0, 0, 0, 0, 0, 0, 0, 0, 0, 0, 0, 0, 0, 0, 0, 0, 0, 0, 0, 0, 0]","[0, 1, 2, 2, 3, 3, 2, 2, 2, 3, 3, 4, 4, 4, 0, 0, 0, 0, 1, 2, 2, 4, 3, 2, 2, 0, 0, 0, 0, 0, 1, 1, 1, 2, 2, 2]","[0, 0, 0, 0, 0, 0, 0, 0, 0, 0, 0, 0, 1, 1, 1, 1, 0, 0, 0, 0, 1, 1, 1, 1, 0, 3, 3, 3, 3, 0, 0, 0, 0, 0, 0, 0]",2.2222222222222223,1.3562839573037446,5,0,"[1.0, 1.0, 1.0, 1.0, 1.0, 1.0, 1.0, 1.0, 1.0, 1.0, 1.0, 1.0, 2.0, 1.0, 1.0, 2.0, 1.0, 1.0, 2.0, 2.0, 2.0, 1.0, 1.0, 1.0]",0.9607665128827608,1.2,2.25,1.6666666666666667,4.833333333333333,2.5,5.5
86,datadriven,1,Male,13,1.8571428571428568,0,13,0.0,"[0, 2, 2, 4, 4, 2, 4, 2, 6, 6, 4, 4, 0, 0, 0, 1, 1, 2, 2, 1, 2, 1, 1, 1]",2.1666666666666665,1.7480147469502525,6,0,"[0, 0, 0, 0, 0, 0, 0, 0, 0, 0, 0, 0, 0, 0, 0, 0, 0, 0, 0, 0, 0, 0, 0, 0]","[0, 2, 2, 4, 4, 2, 4, 2, 6, 6, 4, 4, 0, 0, 0, 1, 1, 2, 2, 1, 2, 1, 1, 1]","[0, 0, 0, 0, 0, 0, 0, 0, 0, 0, 0, 0, 0, 0, 0, 0, 0, 0, 0, 0, 0, 0, 0, 0]",15,2.142857142857143,0,12,0.2,"[4, 8, 8, 7, 6, 2, 1, 1, 0, 0, 0, 2, 2, 2, 2, 2, 2, 2, 2, 0, 0, 0, 0, 0]",2.208333333333333,2.499652753661774,8,0,"[0, 0, 0, 0, 0, 0, 0, 0, 0, 0, 0, 0, 0, 0, 0, 0, 0, 0, 0, 0, 0, 0, 0, 0]","[2, 6, 5, 4, 5, 1, 1, 1, 0, 0, 0, 2, 2, 2, 2, 2, 2, 2, 2, 0, 0, 0, 0, 0]","[2, 2, 3, 3, 1, 1, 0, 0, 0, 0, 0, 0, 0, 0, 0, 0, 0, 0, 0, 0, 0, 0, 0, 0]",28,2.0,0,25,0.2,"[0, 2, 2, 4, 4, 2, 4, 2, 6, 6, 4, 4, 0, 0, 0, 1, 1, 2, 2, 1, 2, 1, 1, 1, 4, 8, 8, 7, 6, 2, 1, 1, 0, 0, 0, 2, 2, 2, 2, 2, 2, 2, 2, 0, 0, 0, 0, 0]","[0, 0, 0, 0, 0, 0, 0, 0, 0, 0, 0, 0, 0, 0, 0, 0, 0, 0, 0, 0, 0, 0, 0, 0, 0, 0, 0, 0, 0, 0, 0, 0, 0, 0, 0, 0, 0, 0, 0, 0, 0, 0, 0, 0, 0, 0, 0, 0]","[0, 2, 2, 4, 4, 2, 4, 2, 6, 6, 4, 4, 0, 0, 0, 1, 1, 2, 2, 1, 2, 1, 1, 1, 2, 6, 5, 4, 5, 1, 1, 1, 0, 0, 0, 2, 2, 2, 2, 2, 2, 2, 2, 0, 0, 0, 0, 0]","[0, 0, 0, 0, 0, 0, 0, 0, 0, 0, 0, 0, 0, 0, 0, 0, 0, 0, 0, 0, 0, 0, 0, 0, 2, 2, 3, 3, 1, 1, 0, 0, 0, 0, 0, 0, 0, 0, 0, 0, 0, 0, 0, 0, 0, 0, 0, 0]",2.1875,2.1569292408421745,8,0,"[1.0, 1.0, 1.0, 1.0, 1.0, 1.0, 1.0, 1.0, 1.0, 1.0, 1.0, 1.0, 1.0, 1.0, 1.0, 2.0, 2.0, 1.0, 1.0, 1.0, 1.0, 2.0, 1.0, 1.0, 1.0, 1.0, 1.0]",2.7332085912917394,2.6,3.0,2.833333333333333,5.666666666666667,4.166666666666667,1.6666666666666667
87,datadriven,1,Female,8,1.243523316062176,0,6,0.25,"[0, 0, 0, 1, 1, 1, 1, 0, 0, 0, 0, 0, 2, 3, 3, 3, 1, 3, 3, 3, 3, 0]",1.2727272727272727,1.28564869306645,3,0,"[0, 0, 0, 0, 0, 0, 0, 0, 0, 0, 0, 0, 0, 0, 0, 0, 0, 0, 0, 0, 0, 0]","[0, 0, 0, 1, 1, 1, 1, 0, 0, 0, 0, 0, 1, 1, 1, 1, 0, 3, 3, 3, 3, 0]","[0, 0, 0, 0, 0, 0, 0, 0, 0, 0, 0, 0, 1, 2, 2, 2, 1, 0, 0, 0, 0, 0]",5,0.7142857142857143,0,4,0.2,"[0, 0, 0, 0, 0, 0, 0, 0, 1, 1, 1, 1, 0, 0, 0, 0, 1, 2, 2, 3, 3, 2, 2, 1]",0.8333333333333334,0.9860132971832694,3,0,"[0, 0, 0, 0, 0, 0, 0, 0, 0, 0, 0, 0, 0, 0, 0, 0, 0, 0, 0, 0, 0, 0, 0, 0]","[0, 0, 0, 0, 0, 0, 0, 0, 1, 1, 1, 1, 0, 0, 0, 0, 1, 2, 2, 2, 2, 1, 1, 1]","[0, 0, 0, 0, 0, 0, 0, 0, 0, 0, 0, 0, 0, 0, 0, 0, 0, 0, 0, 1, 1, 1, 1, 0]",13,0.967741935483871,0,10,0.45,"[0, 0, 0, 1, 1, 1, 1, 0, 0, 0, 0, 0, 2, 3, 3, 3, 1, 3, 3, 3, 3, 0, 0, 0, 0, 0, 0, 0, 0, 0, 1, 1, 1, 1, 0, 0, 0, 0, 1, 2, 2, 3, 3, 2, 2, 1]","[0, 0, 0, 0, 0, 0, 0, 0, 0, 0, 0, 0, 0, 0, 0, 0, 0, 0, 0, 0, 0, 0, 0, 0, 0, 0, 0, 0, 0, 0, 0, 0, 0, 0, 0, 0, 0, 0, 0, 0, 0, 0, 0, 0, 0, 0]","[0, 0, 0, 1, 1, 1, 1, 0, 0, 0, 0, 0, 1, 1, 1, 1, 0, 3, 3, 3, 3, 0, 0, 0, 0, 0, 0, 0, 0, 0, 1, 1, 1, 1, 0, 0, 0, 0, 1, 2, 2, 2, 2, 1, 1, 1]","[0, 0, 0, 0, 0, 0, 0, 0, 0, 0, 0, 0, 1, 2, 2, 2, 1, 0, 0, 0, 0, 0, 0, 0, 0, 0, 0, 0, 0, 0, 0, 0, 0, 0, 0, 0, 0, 0, 0, 0, 0, 1, 1, 1, 1, 0]",1.0434782608695652,1.1601447012283768,3,0,"[1.0, 1.0, 2.0, 2.0, 1.0, 1.0, 1.0, 1.0, 1.0, 1.0, 1.0, 2.0, 1.0]",0.6362369122171353,4.0,3.75,3.0,4.166666666666667,1.3333333333333333,1.0
88,datadriven,1,Female,10,3.75,1,9,0.1111111111111111,"[4, 2, 2, 3, 3, 4, 6]",3.4285714285714284,1.2936264483053452,6,2,"[0, 0, 0, 0, 1, 1, 1]","[4, 2, 2, 3, 2, 3, 5]","[0, 0, 0, 0, 0, 0, 0]",39,5.571428571428571,0,33,0.1538461538461538,"[12, 11, 11, 8, 7, 3, 2, 2, 0, 2, 4, 4, 5, 4, 4, 4, 5, 4, 4, 4, 4, 4, 4, 8]",5.0,2.958039891549808,12,0,"[0, 0, 0, 0, 0, 0, 0, 0, 0, 0, 0, 0, 0, 0, 0, 0, 0, 0, 0, 0, 0, 0, 0, 0]","[12, 11, 11, 8, 7, 3, 2, 2, 0, 2, 4, 4, 4, 3, 3, 3, 5, 4, 2, 2, 2, 2, 3, 5]","[0, 0, 0, 0, 0, 0, 0, 0, 0, 0, 0, 0, 1, 1, 1, 1, 0, 0, 2, 2, 2, 2, 1, 3]",49,5.06896551724138,1,42,0.2649572649572649,"[4, 2, 2, 3, 3, 4, 6, 12, 11, 11, 8, 7, 3, 2, 2, 0, 2, 4, 4, 5, 4, 4, 4, 5, 4, 4, 4, 4, 4, 4, 8]","[0, 0, 0, 0, 1, 1, 1, 0, 0, 0, 0, 0, 0, 0, 0, 0, 0, 0, 0, 0, 0, 0, 0, 0, 0, 0, 0, 0, 0, 0, 0]","[4, 2, 2, 3, 2, 3, 5, 12, 11, 11, 8, 7, 3, 2, 2, 0, 2, 4, 4, 4, 3, 3, 3, 5, 4, 2, 2, 2, 2, 3, 5]","[0, 0, 0, 0, 0, 0, 0, 0, 0, 0, 0, 0, 0, 0, 0, 0, 0, 0, 0, 1, 1, 1, 1, 0, 0, 2, 2, 2, 2, 1, 3]",4.645161290322581,2.753863996182329,12,0,"[1.0, 1.0, 1.0, 1.0, 1.0, 1.0, 0.0, 1.0, 1.0, 1.0, 1.0, 1.0, 1.0, 1.0, 1.0, 1.0, 1.0, 1.0, 1.0, 1.0, 1.0, 1.0, 1.0, 1.0, 1.0, 1.0, 1.0, 1.0, 1.0, 1.0, 1.0, 1.0, 1.0, 2.0, 1.0, 1.0, 1.0, 1.0, 1.0, 2.0, 2.0, 1.0, 1.0, 1.0, 2.0, 1.0, 2.0, 2.0, 1.0]",2.194740937642652,4.0,2.5,2.5,3.8333333333333335,4.833333333333333,1.6666666666666667
89,datadriven,1,Female,34,4.857142857142857,0,34,0.0,"[1, 0, 1, 1, 4, 5, 4, 5, 4, 6, 6, 5, 8, 6, 7, 11, 9, 8, 8, 7, 4, 7, 7, 4]",5.333333333333333,2.6874192494328497,11,0,"[0, 0, 0, 0, 0, 0, 0, 0, 0, 0, 0, 0, 0, 0, 0, 0, 0, 0, 0, 0, 0, 0, 0, 0]","[1, 0, 1, 1, 4, 5, 4, 5, 4, 6, 6, 5, 8, 6, 7, 11, 9, 8, 8, 7, 4, 7, 7, 4]","[0, 0, 0, 0, 0, 0, 0, 0, 0, 0, 0, 0, 0, 0, 0, 0, 0, 0, 0, 0, 0, 0, 0, 0]",49,7.0,0,48,0.0204081632653061,"[0, 1, 1, 2, 4, 3, 4, 6, 5, 8, 8, 8, 11, 10, 16, 15, 11, 10, 10, 11, 11, 14, 7, 4]",7.5,4.453463071962462,16,0,"[0, 0, 0, 0, 0, 0, 0, 0, 0, 0, 0, 0, 0, 0, 0, 0, 0, 0, 0, 0, 0, 0, 0, 0]","[0, 1, 1, 2, 4, 3, 4, 6, 5, 7, 7, 7, 10, 10, 16, 15, 11, 10, 10, 11, 11, 14, 7, 4]","[0, 0, 0, 0, 0, 0, 0, 0, 0, 1, 1, 1, 1, 0, 0, 0, 0, 0, 0, 0, 0, 0, 0, 0]",83,5.928571428571429,0,82,0.0204081632653061,"[1, 0, 1, 1, 4, 5, 4, 5, 4, 6, 6, 5, 8, 6, 7, 11, 9, 8, 8, 7, 4, 7, 7, 4, 0, 1, 1, 2, 4, 3, 4, 6, 5, 8, 8, 8, 11, 10, 16, 15, 11, 10, 10, 11, 11, 14, 7, 4]","[0, 0, 0, 0, 0, 0, 0, 0, 0, 0, 0, 0, 0, 0, 0, 0, 0, 0, 0, 0, 0, 0, 0, 0, 0, 0, 0, 0, 0, 0, 0, 0, 0, 0, 0, 0, 0, 0, 0, 0, 0, 0, 0, 0, 0, 0, 0, 0]","[1, 0, 1, 1, 4, 5, 4, 5, 4, 6, 6, 5, 8, 6, 7, 11, 9, 8, 8, 7, 4, 7, 7, 4, 0, 1, 1, 2, 4, 3, 4, 6, 5, 7, 7, 7, 10, 10, 16, 15, 11, 10, 10, 11, 11, 14, 7, 4]","[0, 0, 0, 0, 0, 0, 0, 0, 0, 0, 0, 0, 0, 0, 0, 0, 0, 0, 0, 0, 0, 0, 0, 0, 0, 0, 0, 0, 0, 0, 0, 0, 0, 1, 1, 1, 1, 0, 0, 0, 0, 0, 0, 0, 0, 0, 0, 0]",6.416666666666667,3.834239023442447,16,0,"[1.0, 1.0, 1.0, 1.0, 1.0, 1.0, 1.0, 1.0, 1.0, 1.0, 1.0, 1.0, 1.0, 1.0, 1.0, 1.0, 1.0, 1.0, 1.0, 1.0, 1.0, 1.0, 1.0, 1.0, 1.0, 1.0, 1.0, 1.0, 1.0, 1.0, 1.0, 1.0, 1.0, 1.0, 1.0, 1.0, 1.0, 1.0, 1.0, 1.0, 1.0, 1.0, 1.0, 1.0, 1.0, 2.0, 1.0, 1.0, 1.0, 1.0, 1.0, 1.0, 1.0, 1.0, 1.0, 1.0, 1.0, 1.0, 1.0, 1.0, 1.0, 1.0, 1.0, 1.0, 1.0, 1.0, 1.0, 1.0, 1.0, 1.0, 1.0, 1.0, 1.0, 1.0, 1.0, 1.0, 1.0, 1.0, 1.0, 1.0, 1.0, 1.0, 1.0]",2.031168890294285,1.8,4.0,2.333333333333333,6.166666666666667,6.333333333333333,2.1666666666666665
90,datadriven,1,Male,45,6.428571428571429,0,32,0.2888888888888888,"[3, 7, 7, 13, 10, 7, 8, 3, 3, 2, 2, 1, 2, 7, 6, 7, 11, 6, 8, 8, 3, 8, 7, 9]",6.166666666666667,3.091206165165235,13,1,"[0, 0, 0, 0, 0, 0, 0, 0, 0, 0, 0, 0, 0, 0, 0, 0, 0, 0, 0, 0, 0, 0, 0, 0]","[3, 5, 5, 10, 7, 6, 7, 3, 3, 2, 2, 1, 2, 7, 6, 7, 6, 1, 1, 1, 1, 6, 7, 6]","[0, 2, 2, 3, 3, 1, 1, 0, 0, 0, 0, 0, 0, 0, 0, 0, 5, 5, 7, 7, 2, 2, 0, 3]",57,8.142857142857142,0,50,0.1228070175438596,"[12, 5, 5, 3, 4, 6, 8, 10, 7, 9, 10, 10, 11, 7, 4, 1, 4, 6, 6, 11, 13, 11, 12, 11]",7.75,3.2818947779192027,13,1,"[0, 0, 0, 0, 0, 0, 0, 0, 0, 0, 0, 0, 0, 0, 0, 0, 0, 0, 0, 0, 0, 0, 0, 0]","[12, 5, 5, 3, 4, 6, 8, 10, 7, 9, 8, 8, 8, 4, 3, 0, 4, 6, 6, 8, 10, 8, 9, 11]","[0, 0, 0, 0, 0, 0, 0, 0, 0, 0, 2, 2, 3, 3, 1, 1, 0, 0, 0, 3, 3, 3, 3, 0]",102,7.285714285714286,0,82,0.4116959064327485,"[3, 7, 7, 13, 10, 7, 8, 3, 3, 2, 2, 1, 2, 7, 6, 7, 11, 6, 8, 8, 3, 8, 7, 9, 12, 5, 5, 3, 4, 6, 8, 10, 7, 9, 10, 10, 11, 7, 4, 1, 4, 6, 6, 11, 13, 11, 12, 11]","[0, 0, 0, 0, 0, 0, 0, 0, 0, 0, 0, 0, 0, 0, 0, 0, 0, 0, 0, 0, 0, 0, 0, 0, 0, 0, 0, 0, 0, 0, 0, 0, 0, 0, 0, 0, 0, 0, 0, 0, 0, 0, 0, 0, 0, 0, 0, 0]","[3, 5, 5, 10, 7, 6, 7, 3, 3, 2, 2, 1, 2, 7, 6, 7, 6, 1, 1, 1, 1, 6, 7, 6, 12, 5, 5, 3, 4, 6, 8, 10, 7, 9, 8, 8, 8, 4, 3, 0, 4, 6, 6, 8, 10, 8, 9, 11]","[0, 2, 2, 3, 3, 1, 1, 0, 0, 0, 0, 0, 0, 0, 0, 0, 5, 5, 7, 7, 2, 2, 0, 3, 0, 0, 0, 0, 0, 0, 0, 0, 0, 0, 2, 2, 3, 3, 1, 1, 0, 0, 0, 3, 3, 3, 3, 0]",6.958333333333333,3.2848029705837085,13,1,"[1.0, 1.0, 1.0, 2.0, 1.0, 1.0, 2.0, 1.0, 1.0, 1.0, 2.0, 1.0, 1.0, 1.0, 1.0, 1.0, 1.0, 1.0, 1.0, 1.0, 1.0, 1.0, 1.0, 1.0, 2.0, 2.0, 2.0, 2.0, 2.0, 2.0, 2.0, 1.0, 1.0, 1.0, 1.0, 1.0, 1.0, 1.0, 2.0, 2.0, 2.0, 1.0, 1.0, 1.0, 1.0, 1.0, 1.0, 1.0, 1.0, 1.0, 1.0, 1.0, 1.0, 1.0, 1.0, 1.0, 1.0, 1.0, 1.0, 1.0, 1.0, 1.0, 1.0, 1.0, 1.0, 1.0, 1.0, 1.0, 1.0, 1.0, 1.0, 1.0, 1.0, 2.0, 2.0, 1.0, 1.0, 1.0, 2.0, 1.0, 1.0, 1.0, 1.0, 1.0, 1.0, 2.0, 2.0, 2.0, 1.0, 1.0, 1.0, 1.0, 1.0, 1.0, 1.0, 1.0, 1.0, 1.0, 1.0, 1.0, 1.0, 2.0]",1.7179606651220871,2.6,2.25,2.333333333333333,3.333333333333333,2.5,2.333333333333333
91,datadriven,1,Male,103,14.714285714285714,0,100,0.029126213592233,"[14, 13, 14, 15, 9, 16, 23, 26, 29, 26, 18, 9, 6, 2, 0, 2, 5, 5, 14, 16, 21, 26, 21, 23]",14.708333333333334,8.393842816149359,29,0,"[0, 0, 0, 0, 0, 0, 0, 0, 0, 0, 0, 0, 0, 0, 0, 0, 0, 0, 0, 0, 0, 0, 0, 0]","[13, 12, 14, 15, 9, 14, 21, 24, 27, 26, 18, 9, 6, 2, 0, 2, 5, 5, 14, 16, 21, 26, 21, 23]","[1, 1, 0, 0, 0, 2, 2, 2, 2, 0, 0, 0, 0, 0, 0, 0, 0, 0, 0, 0, 0, 0, 0, 0]",131,18.714285714285715,0,119,0.0916030534351145,"[14, 15, 16, 22, 32, 31, 25, 17, 13, 16, 16, 18, 12, 11, 10, 15, 16, 19, 19, 14, 15, 17, 26, 24]",18.041666666666668,5.711677852338041,32,10,"[0, 0, 0, 0, 0, 0, 0, 0, 0, 0, 0, 0, 0, 0, 0, 0, 0, 0, 0, 0, 0, 0, 0, 0]","[14, 15, 16, 22, 30, 29, 22, 14, 12, 15, 14, 16, 10, 7, 6, 11, 12, 17, 19, 11, 12, 14, 23, 24]","[0, 0, 0, 0, 2, 2, 3, 3, 1, 1, 2, 2, 2, 4, 4, 4, 4, 2, 0, 3, 3, 3, 3, 0]",234,16.714285714285715,0,219,0.1207292670273475,"[14, 13, 14, 15, 9, 16, 23, 26, 29, 26, 18, 9, 6, 2, 0, 2, 5, 5, 14, 16, 21, 26, 21, 23, 14, 15, 16, 22, 32, 31, 25, 17, 13, 16, 16, 18, 12, 11, 10, 15, 16, 19, 19, 14, 15, 17, 26, 24]","[0, 0, 0, 0, 0, 0, 0, 0, 0, 0, 0, 0, 0, 0, 0, 0, 0, 0, 0, 0, 0, 0, 0, 0, 0, 0, 0, 0, 0, 0, 0, 0, 0, 0, 0, 0, 0, 0, 0, 0, 0, 0, 0, 0, 0, 0, 0, 0]","[13, 12, 14, 15, 9, 14, 21, 24, 27, 26, 18, 9, 6, 2, 0, 2, 5, 5, 14, 16, 21, 26, 21, 23, 14, 15, 16, 22, 30, 29, 22, 14, 12, 15, 14, 16, 10, 7, 6, 11, 12, 17, 19, 11, 12, 14, 23, 24]","[1, 1, 0, 0, 0, 2, 2, 2, 2, 0, 0, 0, 0, 0, 0, 0, 0, 0, 0, 0, 0, 0, 0, 0, 0, 0, 0, 0, 2, 2, 3, 3, 1, 1, 2, 2, 2, 4, 4, 4, 4, 2, 0, 3, 3, 3, 3, 0]",16.375,7.370054839235142,32,0,"[1.0, 2.0, 1.0, 1.0, 1.0, 1.0, 1.0, 1.0, 1.0, 1.0, 1.0, 1.0, 1.0, 1.0, 1.0, 1.0, 1.0, 1.0, 1.0, 1.0, 1.0, 1.0, 1.0, 2.0, 2.0, 1.0, 1.0, 1.0, 1.0, 1.0, 1.0, 1.0, 1.0, 1.0, 1.0, 1.0, 1.0, 1.0, 1.0, 1.0, 1.0, 1.0, 1.0, 1.0, 1.0, 1.0, 1.0, 1.0, 1.0, 1.0, 1.0, 1.0, 1.0, 1.0, 1.0, 1.0, 1.0, 1.0, 1.0, 1.0, 1.0, 1.0, 1.0, 1.0, 1.0, 1.0, 1.0, 1.0, 1.0, 1.0, 1.0, 1.0, 1.0, 1.0, 1.0, 1.0, 1.0, 1.0, 1.0, 1.0, 1.0, 1.0, 1.0, 1.0, 1.0, 1.0, 1.0, 1.0, 1.0, 1.0, 1.0, 1.0, 1.0, 1.0, 1.0, 1.0, 1.0, 1.0, 1.0, 1.0, 1.0, 1.0, 1.0, 1.0, 1.0, 1.0, 1.0, 1.0, 1.0, 1.0, 1.0, 1.0, 1.0, 1.0, 1.0, 1.0, 1.0, 1.0, 1.0, 1.0, 1.0, 1.0, 1.0, 1.0, 1.0, 1.0, 1.0, 1.0, 1.0, 1.0, 1.0, 1.0, 1.0, 1.0, 1.0, 1.0, 1.0, 1.0, 1.0, 1.0, 2.0, 2.0, 1.0, 1.0, 1.0, 1.0, 1.0, 1.0, 1.0, 1.0, 1.0, 1.0, 2.0, 1.0, 1.0, 1.0, 1.0, 1.0, 1.0, 1.0, 1.0, 1.0, 1.0, 1.0, 1.0, 1.0, 1.0, 1.0, 1.0, 2.0, 2.0, 1.0, 1.0, 1.0, 1.0, 2.0, 2.0, 1.0, 1.0, 2.0, 2.0, 1.0, 1.0, 1.0, 1.0, 1.0, 1.0, 1.0, 1.0, 1.0, 1.0, 1.0, 1.0, 1.0, 1.0, 1.0, 1.0, 1.0, 1.0, 1.0, 2.0, 2.0, 2.0, 1.0, 1.0, 1.0, 1.0, 1.0, 1.0, 1.0, 1.0, 1.0, 1.0, 1.0, 1.0, 1.0, 1.0, 1.0, 1.0, 1.0, 1.0, 1.0, 1.0, 1.0, 1.0, 1.0, 1.0, 1.0, 1.0, 1.0, 1.0, 1.0, 1.0]",4.178643583052036,4.0,2.25,1.8333333333333333,6.833333333333333,1.8333333333333333,4.5
92,naive,1,Male,9,1.862068965517241,3,6,0.5,"[5, 3, 2, 3, 3, 2, 1, 0, 1, 1, 1, 1, 0, 0, 0, 0]",1.4375,1.4128318194321643,5,0,"[1, 2, 2, 2, 2, 1, 0, 0, 0, 0, 0, 0, 0, 0, 0, 0]","[4, 1, 0, 1, 1, 1, 1, 0, 1, 1, 1, 1, 0, 0, 0, 0]","[0, 0, 0, 0, 0, 0, 0, 0, 0, 0, 0, 0, 0, 0, 0, 0]",18,2.608695652173913,9,9,1.0,"[5, 3, 2, 2, 2, 2, 2, 1, 0, 1, 1, 2, 3, 2, 3, 3, 2, 2, 1, 0, 0, 2, 6, 6]",2.208333333333333,1.5805897281992214,6,0,"[2, 2, 1, 1, 1, 1, 1, 1, 0, 0, 0, 0, 0, 0, 0, 0, 0, 0, 0, 0, 0, 2, 6, 6]","[3, 1, 1, 1, 1, 1, 1, 0, 0, 1, 1, 2, 3, 2, 3, 3, 2, 2, 1, 0, 0, 0, 0, 0]","[0, 0, 0, 0, 0, 0, 0, 0, 0, 0, 0, 0, 0, 0, 0, 0, 0, 0, 0, 0, 0, 0, 0, 0]",27,2.301136363636364,12,15,1.5,"[5, 3, 2, 3, 3, 2, 1, 0, 1, 1, 1, 1, 0, 0, 0, 0, 5, 3, 2, 2, 2, 2, 2, 1, 0, 1, 1, 2, 3, 2, 3, 3, 2, 2, 1, 0, 0, 2, 6, 6]","[1, 2, 2, 2, 2, 1, 0, 0, 0, 0, 0, 0, 0, 0, 0, 0, 2, 2, 1, 1, 1, 1, 1, 1, 0, 0, 0, 0, 0, 0, 0, 0, 0, 0, 0, 0, 0, 2, 6, 6]","[4, 1, 0, 1, 1, 1, 1, 0, 1, 1, 1, 1, 0, 0, 0, 0, 3, 1, 1, 1, 1, 1, 1, 0, 0, 1, 1, 2, 3, 2, 3, 3, 2, 2, 1, 0, 0, 0, 0, 0]","[0, 0, 0, 0, 0, 0, 0, 0, 0, 0, 0, 0, 0, 0, 0, 0, 0, 0, 0, 0, 0, 0, 0, 0, 0, 0, 0, 0, 0, 0, 0, 0, 0, 0, 0, 0, 0, 0, 0, 0]",1.9,1.5620499351813308,6,0,[],0.4798175872404956,3.2,3.75,3.5,5.5,5.333333333333333,4.833333333333333
93,naive,1,Female,14,2.463343108504399,9,5,1.8,"[3, 1, 1, 1, 1, 2, 4, 4, 6, 5, 3, 3, 1, 1, 2, 2, 3, 3, 2]",2.526315789473684,1.427858943815846,6,1,"[3, 1, 1, 1, 1, 2, 3, 2, 3, 2, 1, 1, 0, 0, 1, 1, 2, 2, 1]","[0, 0, 0, 0, 0, 0, 1, 2, 3, 3, 2, 2, 1, 1, 1, 1, 1, 1, 1]","[0, 0, 0, 0, 0, 0, 0, 0, 0, 0, 0, 0, 0, 0, 0, 0, 0, 0, 0]",6,0.8571428571428571,4,2,2.0,"[2, 1, 1, 2, 2, 2, 2, 1, 0, 0, 1, 1, 1, 1, 0, 0, 1, 1, 1, 1, 0, 0, 0, 0]",0.875,0.7252872993970504,2,0,"[1, 0, 0, 1, 1, 1, 1, 0, 0, 0, 1, 1, 1, 1, 0, 0, 1, 1, 1, 1, 0, 0, 0, 0]","[1, 1, 1, 1, 1, 1, 1, 1, 0, 0, 0, 0, 0, 0, 0, 0, 0, 0, 0, 0, 0, 0, 0, 0]","[0, 0, 0, 0, 0, 0, 0, 0, 0, 0, 0, 0, 0, 0, 0, 0, 0, 0, 0, 0, 0, 0, 0, 0]",20,1.5768725361366622,13,7,3.8,"[3, 1, 1, 1, 1, 2, 4, 4, 6, 5, 3, 3, 1, 1, 2, 2, 3, 3, 2, 2, 1, 1, 2, 2, 2, 2, 1, 0, 0, 1, 1, 1, 1, 0, 0, 1, 1, 1, 1, 0, 0, 0, 0]","[3, 1, 1, 1, 1, 2, 3, 2, 3, 2, 1, 1, 0, 0, 1, 1, 2, 2, 1, 1, 0, 0, 1, 1, 1, 1, 0, 0, 0, 1, 1, 1, 1, 0, 0, 1, 1, 1, 1, 0, 0, 0, 0]","[0, 0, 0, 0, 0, 0, 1, 2, 3, 3, 2, 2, 1, 1, 1, 1, 1, 1, 1, 1, 1, 1, 1, 1, 1, 1, 1, 0, 0, 0, 0, 0, 0, 0, 0, 0, 0, 0, 0, 0, 0, 0, 0]","[0, 0, 0, 0, 0, 0, 0, 0, 0, 0, 0, 0, 0, 0, 0, 0, 0, 0, 0, 0, 0, 0, 0, 0, 0, 0, 0, 0, 0, 0, 0, 0, 0, 0, 0, 0, 0, 0, 0, 0, 0, 0, 0]",1.6046511627906976,1.3663656578203147,6,0,[],1.2871109112198638,3.2,3.25,2.1666666666666665,2.1666666666666665,1.6666666666666667,1.3333333333333333
94,naive,1,Female,17,2.475728155339806,9,8,1.125,"[7, 5, 6, 5, 4, 4, 2, 1, 0, 0, 0, 0, 1, 1, 1, 1, 0, 0, 0, 1, 2, 2, 3, 4]",2.083333333333333,2.099933861392359,7,0,"[3, 1, 3, 4, 4, 4, 2, 1, 0, 0, 0, 0, 0, 0, 0, 0, 0, 0, 0, 1, 1, 1, 1, 1]","[4, 4, 3, 1, 0, 0, 0, 0, 0, 0, 0, 0, 1, 1, 1, 1, 0, 0, 0, 0, 1, 1, 2, 3]","[0, 0, 0, 0, 0, 0, 0, 0, 0, 0, 0, 0, 0, 0, 0, 0, 0, 0, 0, 0, 0, 0, 0, 0]",14,2.0,7,7,1.0,"[4, 2, 2, 2, 2, 2, 1, 0, 1, 1, 2, 4, 3, 4, 4, 4, 4, 3, 2, 0, 0, 0, 0, 0]",1.9583333333333333,1.485461955831324,4,0,"[1, 0, 0, 0, 0, 0, 0, 0, 1, 1, 1, 2, 1, 2, 3, 4, 4, 3, 2, 0, 0, 0, 0, 0]","[3, 2, 2, 2, 2, 2, 1, 0, 0, 0, 1, 2, 2, 2, 1, 0, 0, 0, 0, 0, 0, 0, 0, 0]","[0, 0, 0, 0, 0, 0, 0, 0, 0, 0, 0, 0, 0, 0, 0, 0, 0, 0, 0, 0, 0, 0, 0, 0]",31,2.235576923076923,16,15,2.125,"[7, 5, 6, 5, 4, 4, 2, 1, 0, 0, 0, 0, 1, 1, 1, 1, 0, 0, 0, 1, 2, 2, 3, 4, 4, 2, 2, 2, 2, 2, 1, 0, 1, 1, 2, 4, 3, 4, 4, 4, 4, 3, 2, 0, 0, 0, 0, 0]","[3, 1, 3, 4, 4, 4, 2, 1, 0, 0, 0, 0, 0, 0, 0, 0, 0, 0, 0, 1, 1, 1, 1, 1, 1, 0, 0, 0, 0, 0, 0, 0, 1, 1, 1, 2, 1, 2, 3, 4, 4, 3, 2, 0, 0, 0, 0, 0]","[4, 4, 3, 1, 0, 0, 0, 0, 0, 0, 0, 0, 1, 1, 1, 1, 0, 0, 0, 0, 1, 1, 2, 3, 3, 2, 2, 2, 2, 2, 1, 0, 0, 0, 1, 2, 2, 2, 1, 0, 0, 0, 0, 0, 0, 0, 0, 0]","[0, 0, 0, 0, 0, 0, 0, 0, 0, 0, 0, 0, 0, 0, 0, 0, 0, 0, 0, 0, 0, 0, 0, 0, 0, 0, 0, 0, 0, 0, 0, 0, 0, 0, 0, 0, 0, 0, 0, 0, 0, 0, 0, 0, 0, 0, 0, 0]",2.020833333333333,1.8199082318134123,7,0,[],3.5290785418342505,2.4,1.0,1.8333333333333333,2.0,1.6666666666666667,5.0
95,naive,0,Male,23,3.2857142857142856,7,16,0.4375,"[5, 4, 4, 4, 3, 5, 5, 4, 4, 2, 1, 0, 1, 2, 3, 3, 4, 4, 6, 6, 5, 5, 2, 2]",3.5,1.5811388300841898,6,0,"[1, 1, 1, 1, 0, 0, 1, 1, 1, 1, 0, 0, 0, 0, 0, 0, 2, 2, 5, 5, 3, 3, 0, 0]","[4, 3, 3, 3, 3, 5, 4, 3, 3, 1, 1, 0, 1, 2, 3, 3, 2, 2, 1, 1, 2, 2, 2, 2]","[0, 0, 0, 0, 0, 0, 0, 0, 0, 0, 0, 0, 0, 0, 0, 0, 0, 0, 0, 0, 0, 0, 0, 0]",13,1.8571428571428568,6,7,0.8571428571428571,"[4, 1, 1, 2, 1, 2, 2, 1, 1, 0, 1, 1, 3, 4, 4, 4, 2, 3, 2, 2, 2, 0, 0, 0]",1.7916666666666667,1.2903218806001684,4,0,"[2, 0, 0, 1, 1, 2, 2, 1, 1, 0, 0, 0, 0, 1, 1, 1, 1, 1, 1, 1, 1, 0, 0, 0]","[2, 1, 1, 1, 0, 0, 0, 0, 0, 0, 1, 1, 3, 3, 3, 3, 1, 2, 1, 1, 1, 0, 0, 0]","[0, 0, 0, 0, 0, 0, 0, 0, 0, 0, 0, 0, 0, 0, 0, 0, 0, 0, 0, 0, 0, 0, 0, 0]",36,2.571428571428572,13,23,1.2946428571428572,"[5, 4, 4, 4, 3, 5, 5, 4, 4, 2, 1, 0, 1, 2, 3, 3, 4, 4, 6, 6, 5, 5, 2, 2, 4, 1, 1, 2, 1, 2, 2, 1, 1, 0, 1, 1, 3, 4, 4, 4, 2, 3, 2, 2, 2, 0, 0, 0]","[1, 1, 1, 1, 0, 0, 1, 1, 1, 1, 0, 0, 0, 0, 0, 0, 2, 2, 5, 5, 3, 3, 0, 0, 2, 0, 0, 1, 1, 2, 2, 1, 1, 0, 0, 0, 0, 1, 1, 1, 1, 1, 1, 1, 1, 0, 0, 0]","[4, 3, 3, 3, 3, 5, 4, 3, 3, 1, 1, 0, 1, 2, 3, 3, 2, 2, 1, 1, 2, 2, 2, 2, 2, 1, 1, 1, 0, 0, 0, 0, 0, 0, 1, 1, 3, 3, 3, 3, 1, 2, 1, 1, 1, 0, 0, 0]","[0, 0, 0, 0, 0, 0, 0, 0, 0, 0, 0, 0, 0, 0, 0, 0, 0, 0, 0, 0, 0, 0, 0, 0, 0, 0, 0, 0, 0, 0, 0, 0, 0, 0, 0, 0, 0, 0, 0, 0, 0, 0, 0, 0, 0, 0, 0, 0]",2.645833333333333,1.676921576050061,6,0,[],1.016597634709893,2.8,1.0,2.5,2.833333333333333,2.0,1.8333333333333333
96,naive,0,Male,13,1.8571428571428568,11,2,5.5,"[3, 2, 0, 1, 3, 3, 4, 3, 2, 3, 2, 2, 1, 0, 2, 2, 3, 3, 1, 1, 0, 0, 1, 1]",1.7916666666666667,1.1539485353438523,4,0,"[2, 1, 0, 1, 3, 3, 3, 2, 1, 2, 2, 2, 1, 0, 2, 2, 3, 3, 1, 1, 0, 0, 1, 1]","[1, 1, 0, 0, 0, 0, 1, 1, 1, 1, 0, 0, 0, 0, 0, 0, 0, 0, 0, 0, 0, 0, 0, 0]","[0, 0, 0, 0, 0, 0, 0, 0, 0, 0, 0, 0, 0, 0, 0, 0, 0, 0, 0, 0, 0, 0, 0, 0]",11,2.417582417582418,6,5,1.2,"[4, 3, 3, 6, 5, 6, 7, 3, 2, 1, 0, 0, 0, 0, 0]",2.6666666666666665,2.4129281427805145,7,0,"[3, 3, 3, 3, 2, 2, 3, 2, 1, 1, 0, 0, 0, 0, 0]","[1, 0, 0, 3, 3, 4, 4, 1, 1, 0, 0, 0, 0, 0, 0]","[0, 0, 0, 0, 0, 0, 0, 0, 0, 0, 0, 0, 0, 0, 0]",24,2.0779220779220777,17,7,6.7,"[3, 2, 0, 1, 3, 3, 4, 3, 2, 3, 2, 2, 1, 0, 2, 2, 3, 3, 1, 1, 0, 0, 1, 1, 4, 3, 3, 6, 5, 6, 7, 3, 2, 1, 0, 0, 0, 0, 0]","[2, 1, 0, 1, 3, 3, 3, 2, 1, 2, 2, 2, 1, 0, 2, 2, 3, 3, 1, 1, 0, 0, 1, 1, 3, 3, 3, 3, 2, 2, 3, 2, 1, 1, 0, 0, 0, 0, 0]","[1, 1, 0, 0, 0, 0, 1, 1, 1, 1, 0, 0, 0, 0, 0, 0, 0, 0, 0, 0, 0, 0, 0, 0, 1, 0, 0, 3, 3, 4, 4, 1, 1, 0, 0, 0, 0, 0, 0]","[0, 0, 0, 0, 0, 0, 0, 0, 0, 0, 0, 0, 0, 0, 0, 0, 0, 0, 0, 0, 0, 0, 0, 0, 0, 0, 0, 0, 0, 0, 0, 0, 0, 0, 0, 0, 0, 0, 0]",2.128205128205128,1.799992694849666,7,0,[],3.185094273458877,3.2,4.0,2.833333333333333,6.0,6.0,5.666666666666667
